Package,LibPath,Version,Priority,Depends,Imports,LinkingTo,Suggests,Enhances,License,License_is_FOSS,License_restricts_use,OS_type,MD5sum,NeedsCompilation,Built
abind,/home/mburu/R/x86_64-pc-linux-gnu-library/4.2,1.4-5,NA,R (>= 1.5.0),"methods, utils",NA,NA,NA,LGPL (>= 2),NA,NA,NA,NA,no,4.2.2
AnomalyDetection,/home/mburu/R/x86_64-pc-linux-gnu-library/4.2,1.0,NA,R (>= 2.10.0),"ggplot2, stringr, lubridate",NA,testthat,NA,GPL-3,NA,NA,NA,NA,no,4.2.2
arules,/home/mburu/R/x86_64-pc-linux-gnu-library/4.2,1.7-5,NA,"R (>= 4.0.0), Matrix (>= 1.4-0)","stats, methods, generics, graphics, utils",NA,"pmml, XML, proxy, arulesViz, arulesCBA, testthat",NA,GPL-3,NA,NA,NA,NA,yes,4.2.2
askpass,/home/mburu/R/x86_64-pc-linux-gnu-library/4.2,1.1,NA,NA,sys (>= 2.1),NA,testthat,NA,MIT + file LICENSE,NA,NA,NA,NA,yes,4.2.2
assertive,/home/mburu/R/x86_64-pc-linux-gnu-library/4.2,0.3-6,NA,R (>= 3.0.0),"assertive.base (>= 0.0-4), assertive.properties (>= 0.0-2),
assertive.types (>= 0.0-2), assertive.numbers,
assertive.strings, assertive.datetimes, assertive.files,
assertive.sets (>= 0.0-2), assertive.matrices,
assertive.models, assertive.data, assertive.data.uk,
assertive.data.us, assertive.reflection (>= 0.0-2),
assertive.code, knitr",NA,"testthat, markdown",NA,GPL (>= 3),NA,NA,NA,NA,no,4.2.2
assertive.base,/home/mburu/R/x86_64-pc-linux-gnu-library/4.2,0.0-9,NA,R (>= 3.5.0),"methods, utils",NA,testthat,NA,GPL (>= 3),NA,NA,NA,NA,no,4.2.2
assertive.code,/home/mburu/R/x86_64-pc-linux-gnu-library/4.2,0.0-3,NA,R (>= 3.0.0),"assertive.base (>= 0.0-2), assertive.properties,
assertive.types, methods",NA,testthat,NA,GPL (>= 3),NA,NA,NA,NA,no,4.2.2
assertive.data,/home/mburu/R/x86_64-pc-linux-gnu-library/4.2,0.0-3,NA,R (>= 3.0.0),"assertive.base (>= 0.0-2), assertive.strings",NA,testthat,NA,GPL (>= 3),NA,NA,NA,NA,no,4.2.2
assertive.data.uk,/home/mburu/R/x86_64-pc-linux-gnu-library/4.2,0.0-2,NA,R (>= 3.0.0),"assertive.base (>= 0.0-2), assertive.strings",NA,testthat,NA,GPL (>= 3),NA,NA,NA,NA,no,4.2.2
assertive.data.us,/home/mburu/R/x86_64-pc-linux-gnu-library/4.2,0.0-2,NA,R (>= 3.0.0),"assertive.base (>= 0.0-2), assertive.strings",NA,"testthat, devtools",NA,GPL (>= 3),NA,NA,NA,NA,no,4.2.2
assertive.datetimes,/home/mburu/R/x86_64-pc-linux-gnu-library/4.2,0.0-3,NA,R (>= 3.0.0),"assertive.base (>= 0.0-7), assertive.types",NA,testthat,NA,GPL (>= 3),NA,NA,NA,NA,no,4.2.2
assertive.files,/home/mburu/R/x86_64-pc-linux-gnu-library/4.2,0.0-2,NA,R (>= 3.0.0),"assertive.base (>= 0.0-2), assertive.numbers",NA,testthat,NA,GPL (>= 3),NA,NA,NA,NA,no,4.2.2
assertive.matrices,/home/mburu/R/x86_64-pc-linux-gnu-library/4.2,0.0-2,NA,R (>= 3.0.0),assertive.base (>= 0.0-2),NA,testthat,NA,GPL (>= 3),NA,NA,NA,NA,no,4.2.2
assertive.models,/home/mburu/R/x86_64-pc-linux-gnu-library/4.2,0.0-2,NA,R (>= 3.0.0),"assertive.base (>= 0.0-2), stats",NA,testthat,NA,GPL (>= 3),NA,NA,NA,NA,no,4.2.2
assertive.numbers,/home/mburu/R/x86_64-pc-linux-gnu-library/4.2,0.0-2,NA,R (>= 3.0.0),assertive.base (>= 0.0-2),NA,testthat,NA,GPL (>= 3),NA,NA,NA,NA,no,4.2.2
assertive.properties,/home/mburu/R/x86_64-pc-linux-gnu-library/4.2,0.0-5,NA,R (>= 3.0.0),"assertive.base (>= 0.0-7), methods",NA,testthat,NA,GPL (>= 3),NA,NA,NA,NA,no,4.2.2
assertive.reflection,/home/mburu/R/x86_64-pc-linux-gnu-library/4.2,0.0-5,NA,R (>= 3.0.0),"assertive.base (>= 0.0-7), utils",NA,testthat,NA,GPL (>= 3),NA,NA,NA,NA,no,4.2.2
assertive.sets,/home/mburu/R/x86_64-pc-linux-gnu-library/4.2,0.0-3,NA,R (>= 3.0.0),assertive.base (>= 0.0-7),NA,testthat,NA,GPL (>= 3),NA,NA,NA,NA,no,4.2.2
assertive.strings,/home/mburu/R/x86_64-pc-linux-gnu-library/4.2,0.0-3,NA,R (>= 3.0.0),"assertive.base (>= 0.0-2), assertive.types, stringi",NA,testthat,NA,GPL (>= 3),NA,NA,NA,NA,no,4.2.2
assertive.types,/home/mburu/R/x86_64-pc-linux-gnu-library/4.2,0.0-3,NA,R (>= 3.0.0),"assertive.base (>= 0.0-7), assertive.properties, codetools,
methods, stats",NA,"testthat, data.table, dplyr, xml2",NA,GPL (>= 3),NA,NA,NA,NA,no,4.2.2
backports,/home/mburu/R/x86_64-pc-linux-gnu-library/4.2,1.4.1,NA,R (>= 3.0.0),NA,NA,NA,NA,GPL-2 | GPL-3,NA,NA,NA,NA,yes,4.2.2
base64enc,/home/mburu/R/x86_64-pc-linux-gnu-library/4.2,0.1-3,NA,R (>= 2.9.0),NA,NA,NA,png,GPL-2 | GPL-3,NA,NA,NA,NA,yes,4.2.2
beeswarm,/home/mburu/R/x86_64-pc-linux-gnu-library/4.2,0.4.0,NA,NA,"stats, graphics, grDevices, utils",NA,NA,NA,Artistic-2.0,NA,NA,NA,NA,yes,4.2.2
benchmarkme,/home/mburu/R/x86_64-pc-linux-gnu-library/4.2,1.0.8,NA,R (>= 3.5.0),"benchmarkmeData (>= 1.0.4), compiler, doParallel, dplyr,
foreach, graphics, httr, Matrix, methods, parallel, stringr,
tibble, utils",NA,"covr, DT, ggplot2, knitr, RcppZiggurat, rmarkdown, testthat",NA,GPL-2 | GPL-3,NA,NA,NA,NA,no,4.2.2
benchmarkmeData,/home/mburu/R/x86_64-pc-linux-gnu-library/4.2,1.0.4,NA,R (>= 3.5.0),"dplyr, graphics, tibble, utils",NA,"benchmarkme, covr, DT, testthat",NA,GPL-2 | GPL-3,NA,NA,NA,NA,no,4.2.2
BiasedUrn,/home/mburu/R/x86_64-pc-linux-gnu-library/4.2,2.0.9,NA,NA,NA,NA,NA,NA,GPL-3,NA,NA,NA,NA,yes,4.2.2
bit,/home/mburu/R/x86_64-pc-linux-gnu-library/4.2,4.0.5,NA,R (>= 2.9.2),NA,NA,"testthat (>= 0.11.0), roxygen2, knitr, rmarkdown,
microbenchmark, bit64 (>= 4.0.0), ff (>= 4.0.0)",NA,GPL-2 | GPL-3,NA,NA,NA,NA,yes,4.2.2
bit64,/home/mburu/R/x86_64-pc-linux-gnu-library/4.2,4.0.5,NA,"R (>= 3.0.1), bit (>= 4.0.0), utils, methods, stats",NA,NA,NA,NA,GPL-2 | GPL-3,NA,NA,NA,NA,yes,4.2.2
bitops,/home/mburu/R/x86_64-pc-linux-gnu-library/4.2,1.0-7,NA,NA,NA,NA,NA,NA,GPL (>= 2),NA,NA,NA,NA,yes,4.2.2
blob,/home/mburu/R/x86_64-pc-linux-gnu-library/4.2,1.2.3,NA,NA,"methods, rlang, vctrs (>= 0.2.1)",NA,"covr, crayon, pillar (>= 1.2.1), testthat",NA,MIT + file LICENSE,NA,NA,NA,NA,no,4.2.2
brio,/home/mburu/R/x86_64-pc-linux-gnu-library/4.2,1.1.3,NA,NA,NA,NA,"covr, testthat (>= 2.1.0)",NA,MIT + file LICENSE,NA,NA,NA,NA,yes,4.2.2
broom,/home/mburu/R/x86_64-pc-linux-gnu-library/4.2,1.0.3,NA,R (>= 3.1),"backports, dplyr (>= 1.0.0), ellipsis, generics (>= 0.0.2),
glue, purrr, rlang, stringr, tibble (>= 3.0.0), tidyr (>=
1.0.0)",NA,"AER, AUC, bbmle, betareg, biglm, binGroup, boot, btergm (>=
1.10.6), car, carData, caret, cluster, cmprsk, coda, covr, drc,
e1071, emmeans, epiR, ergm (>= 3.10.4), fixest (>= 0.9.0), gam
(>= 1.15), gee, geepack, ggplot2, glmnet, glmnetUtils, gmm,
Hmisc, irlba, interp, joineRML, Kendall, knitr, ks, Lahman,
lavaan, leaps, lfe, lm.beta, lme4, lmodel2, lmtest (>= 0.9.38),
lsmeans, maps, maptools, margins, MASS, mclust, mediation,
metafor, mfx, mgcv, mlogit, modeldata, modeltests, muhaz,
multcomp, network, nnet, orcutt (>= 2.2), ordinal, plm, poLCA,
psych, quantreg, rgeos, rmarkdown, robust, robustbase, rsample,
sandwich, sp, spdep (>= 1.1), spatialreg, speedglm, spelling,
survey, survival, systemfit, testthat (>= 2.1.0), tseries,
vars, zoo",NA,MIT + file LICENSE,NA,NA,NA,NA,no,4.2.2
bslib,/home/mburu/R/x86_64-pc-linux-gnu-library/4.2,0.4.2,NA,R (>= 2.10),"grDevices, htmltools (>= 0.5.4), jsonlite, sass (>= 0.4.0),
jquerylib (>= 0.1.3), rlang, cachem, memoise (>= 2.0.1),
base64enc, mime",NA,"shiny (>= 1.6.0), rmarkdown (>= 2.7), thematic, knitr,
testthat, withr, rappdirs, curl, magrittr, fontawesome, bsicons",NA,MIT + file LICENSE,NA,NA,NA,NA,no,4.2.2
cachem,/home/mburu/R/x86_64-pc-linux-gnu-library/4.2,1.0.7,NA,NA,"rlang, fastmap",NA,testthat,NA,MIT + file LICENSE,NA,NA,NA,NA,yes,4.2.2
callr,/home/mburu/R/x86_64-pc-linux-gnu-library/4.2,3.7.3,NA,R (>= 3.4),"processx (>= 3.6.1), R6, utils",NA,"asciicast, cli (>= 1.1.0), covr, mockery, ps, rprojroot,
spelling, testthat (>= 3.0.0), withr (>= 2.3.0)",NA,MIT + file LICENSE,NA,NA,NA,NA,no,4.2.2
car,/home/mburu/R/x86_64-pc-linux-gnu-library/4.2,3.1-1,NA,"R (>= 3.5.0), carData (>= 3.0-0)","abind, MASS, mgcv, nnet, pbkrtest (>= 0.4-4), quantreg,
grDevices, utils, stats, graphics, lme4 (>= 1.1-27.1), nlme,
scales",NA,"alr4, boot, coxme, effects, knitr, leaps, lmtest, Matrix,
MatrixModels, mvtnorm, rgl (>= 0.93.960), rio, sandwich,
SparseM, survival, survey",NA,GPL (>= 2),NA,NA,NA,NA,no,4.2.2
carData,/home/mburu/R/x86_64-pc-linux-gnu-library/4.2,3.0-5,NA,R (>= 3.5.0),NA,NA,car (>= 3.0-0),NA,GPL (>= 2),NA,NA,NA,NA,no,4.2.2
caret,/home/mburu/R/x86_64-pc-linux-gnu-library/4.2,6.0-93,NA,"ggplot2, lattice (>= 0.20), R (>= 3.2.0)","e1071, foreach, grDevices, methods, ModelMetrics (>= 1.2.2.2),
nlme, plyr, pROC, recipes (>= 0.1.10), reshape2, stats, stats4,
utils, withr (>= 2.0.0)",NA,"BradleyTerry2, covr, Cubist, dplyr, earth (>= 2.2-3),
ellipse, fastICA, gam (>= 1.15), ipred, kernlab, klaR, knitr,
MASS, Matrix, mda, mgcv, mlbench, MLmetrics, nnet, pamr, party
(>= 0.9-99992), pls, proxy, randomForest, RANN, rmarkdown,
rpart, spls, subselect, superpc, testthat (>= 0.9.1), themis
(>= 0.1.3)",NA,GPL (>= 2),NA,NA,NA,NA,yes,4.2.2
caretEnsemble,/home/mburu/R/x86_64-pc-linux-gnu-library/4.2,2.0.2,NA,R (>= 3.2.0),"methods, pbapply, ggplot2, digest, plyr, lattice, gridExtra,
data.table, caret",NA,"caTools, testthat, lintr, randomForest, glmnet, rpart,
kernlab, nnet, e1071, ipred, pROC, knitr, mlbench, MASS, gbm,
klaR, rmarkdown, usethis, sass",NA,MIT + file LICENSE,NA,NA,NA,NA,no,4.2.2
caTools,/home/mburu/R/x86_64-pc-linux-gnu-library/4.2,1.18.2,NA,R (>= 3.6.0),bitops,NA,"MASS, rpart",NA,GPL-3,NA,NA,NA,NA,yes,4.2.2
cellranger,/home/mburu/R/x86_64-pc-linux-gnu-library/4.2,1.1.0,NA,R (>= 3.0.0),"rematch, tibble",NA,"covr, testthat (>= 1.0.0), knitr, rmarkdown",NA,MIT + file LICENSE,NA,NA,NA,NA,no,4.2.2
checkmate,/home/mburu/R/x86_64-pc-linux-gnu-library/4.2,2.1.0,NA,R (>= 3.0.0),"backports (>= 1.1.0), utils",NA,"R6, fastmatch, data.table (>= 1.9.8), devtools, ggplot2,
knitr, magrittr, microbenchmark, rmarkdown, testthat (>=
3.0.4), tinytest (>= 1.1.0), tibble",NA,BSD_3_clause + file LICENSE,NA,NA,NA,NA,yes,4.2.2
classInt,/home/mburu/R/x86_64-pc-linux-gnu-library/4.2,0.4-8,NA,R (>= 2.2),"grDevices, stats, graphics, e1071, class, KernSmooth",NA,"spData (>= 0.2.6.2), units, knitr, rmarkdown",NA,GPL (>= 2),NA,NA,NA,NA,yes,4.2.2
cli,/home/mburu/R/x86_64-pc-linux-gnu-library/4.2,3.6.0,NA,R (>= 3.4),utils,NA,"callr, covr, crayon, digest, glue (>= 1.6.0), grDevices,
htmltools, htmlwidgets, knitr, methods, mockery, processx, ps
(>= 1.3.4.9000), rlang (>= 1.0.2.9003), rmarkdown, rprojroot,
rstudioapi, testthat, tibble, whoami, withr",NA,MIT + file LICENSE,NA,NA,NA,NA,yes,4.2.2
clipr,/home/mburu/R/x86_64-pc-linux-gnu-library/4.2,0.8.0,NA,NA,utils,NA,"covr, knitr, rmarkdown, rstudioapi (>= 0.5), testthat (>=
2.0.0)",NA,GPL-3,NA,NA,NA,NA,no,4.2.2
clock,/home/mburu/R/x86_64-pc-linux-gnu-library/4.2,0.6.1,NA,R (>= 3.4),"rlang (>= 1.0.4), tzdb (>= 0.3.0), vctrs (>= 0.4.1)","cpp11 (>= 0.4.2), tzdb (>= 0.3.0)","covr, knitr, magrittr, pillar, rmarkdown, testthat (>=
3.0.0), withr",NA,MIT + file LICENSE,NA,NA,NA,NA,yes,4.2.2
coda,/home/mburu/R/x86_64-pc-linux-gnu-library/4.2,0.19-4,NA,R (>= 2.14.0),lattice,NA,NA,NA,GPL (>= 2),NA,NA,NA,NA,no,4.2.2
colorspace,/home/mburu/R/x86_64-pc-linux-gnu-library/4.2,2.1-0,NA,"R (>= 3.0.0), methods","graphics, grDevices, stats",NA,"datasets, utils, KernSmooth, MASS, kernlab, mvtnorm, vcd,
tcltk, shiny, shinyjs, ggplot2, dplyr, scales, grid, png, jpeg,
knitr, rmarkdown, RColorBrewer, rcartocolor, scico, viridis,
wesanderson",NA,BSD_3_clause + file LICENSE,NA,NA,NA,NA,yes,4.2.2
commonmark,/home/mburu/R/x86_64-pc-linux-gnu-library/4.2,1.8.1,NA,NA,NA,NA,"curl, testthat, xml2",NA,BSD_2_clause + file LICENSE,NA,NA,NA,NA,yes,4.2.2
CompQuadForm,/home/mburu/R/x86_64-pc-linux-gnu-library/4.2,1.4.3,NA,NA,NA,NA,NA,NA,GPL (>= 2),NA,NA,NA,NA,yes,4.2.2
conflicted,/home/mburu/R/x86_64-pc-linux-gnu-library/4.2,1.2.0,NA,R (>= 3.2),"cli (>= 3.4.0), memoise, rlang (>= 1.0.0)",NA,"callr, covr, dplyr, Matrix, methods, pkgload, testthat (>=
3.0.0), withr",NA,MIT + file LICENSE,NA,NA,NA,NA,no,4.2.2
cpp11,/home/mburu/R/x86_64-pc-linux-gnu-library/4.2,0.4.3,NA,NA,NA,NA,"bench, brio, callr, cli, covr, decor, desc, ggplot2, glue,
knitr, lobstr, mockery, progress, rmarkdown, scales, Rcpp,
testthat, tibble, utils, vctrs, withr",NA,MIT + file LICENSE,NA,NA,NA,NA,no,4.2.2
crayon,/home/mburu/R/x86_64-pc-linux-gnu-library/4.2,1.5.2,NA,NA,"grDevices, methods, utils",NA,"mockery, rstudioapi, testthat, withr",NA,MIT + file LICENSE,NA,NA,NA,NA,no,4.2.2
crosstalk,/home/mburu/R/x86_64-pc-linux-gnu-library/4.2,1.2.0,NA,NA,"htmltools (>= 0.3.6), jsonlite, lazyeval, R6",NA,"shiny, ggplot2, testthat (>= 2.1.0), sass, bslib",NA,MIT + file LICENSE,NA,NA,NA,NA,no,4.2.2
crul,/home/mburu/R/x86_64-pc-linux-gnu-library/4.2,1.3,NA,NA,"curl (>= 3.3), R6 (>= 2.2.0), urltools (>= 1.6.0), httpcode
(>= 0.2.0), jsonlite, mime",NA,"testthat, roxygen2 (>= 7.1.1), fauxpas (>= 0.1.0), webmockr
(>= 0.1.0), knitr, rmarkdown",NA,MIT + file LICENSE,NA,NA,NA,NA,no,4.2.2
curl,/home/mburu/R/x86_64-pc-linux-gnu-library/4.2,5.0.0,NA,R (>= 3.0.0),NA,NA,"spelling, testthat (>= 1.0.0), knitr, jsonlite, rmarkdown,
magrittr, httpuv (>= 1.4.4), webutils",NA,MIT + file LICENSE,NA,NA,NA,NA,yes,4.2.2
DALEX,/home/mburu/R/x86_64-pc-linux-gnu-library/4.2,2.4.3,NA,R (>= 3.5),"ggplot2, iBreakDown (>= 1.3.1), ingredients (>= 2.0)",NA,"gower, ranger, testthat, methods",NA,GPL,NA,NA,NA,NA,no,4.2.2
data.table,/home/mburu/R/x86_64-pc-linux-gnu-library/4.2,1.14.8,NA,R (>= 3.1.0),methods,NA,"bit64 (>= 4.0.0), bit (>= 4.0.4), curl, R.utils, xts,
nanotime, zoo (>= 1.8-1), yaml, knitr, rmarkdown",NA,MPL-2.0 | file LICENSE,NA,NA,NA,NA,yes,4.2.2
DBI,/home/mburu/R/x86_64-pc-linux-gnu-library/4.2,1.1.3,NA,"methods, R (>= 3.0.0)",NA,NA,"blob, covr, DBItest, dbplyr, downlit, dplyr, glue, hms,
knitr, magrittr, RMariaDB, rmarkdown, rprojroot, RSQLite (>=
1.1-2), testthat, xml2",NA,LGPL (>= 2.1),NA,NA,NA,NA,no,4.2.2
dbplyr,/home/mburu/R/x86_64-pc-linux-gnu-library/4.2,2.3.1,NA,R (>= 3.1),"blob (>= 1.2.0), cli (>= 3.4.1), DBI (>= 1.0.0), dplyr (>=
1.1.0), glue (>= 1.2.0), lifecycle (>= 1.0.3), magrittr,
methods, pillar (>= 1.5.0), purrr (>= 1.0.1), R6 (>= 2.2.2),
rlang (>= 1.0.6), tibble (>= 1.4.2), tidyr (>= 1.3.0),
tidyselect (>= 1.2.0), utils, vctrs (>= 0.5.0), withr",NA,"bit64, covr, knitr, Lahman, nycflights13, odbc, RMariaDB (>=
1.0.2), rmarkdown, RPostgres (>= 1.1.3), RPostgreSQL, RSQLite
(>= 2.2.15), testthat (>= 3.0.2)",NA,MIT + file LICENSE,NA,NA,NA,NA,no,4.2.2
dbscan,/home/mburu/R/x86_64-pc-linux-gnu-library/4.2,1.1-11,NA,NA,"Rcpp (>= 1.0.0), graphics, stats",Rcpp,"fpc, microbenchmark, testthat, dendextend, igraph, knitr,
rmarkdown",NA,GPL (>= 2),NA,NA,NA,NA,yes,4.2.2
deldir,/home/mburu/R/x86_64-pc-linux-gnu-library/4.2,1.0-6,NA,R (>= 3.5.0),"graphics, grDevices",NA,polyclip,NA,GPL (>= 2),NA,NA,NA,NA,yes,4.2.2
DEoptimR,/home/mburu/R/x86_64-pc-linux-gnu-library/4.2,1.0-11,NA,NA,stats,NA,NA,robustbase,GPL (>= 2),NA,NA,NA,NA,no,4.2.2
desc,/home/mburu/R/x86_64-pc-linux-gnu-library/4.2,1.4.2,NA,R (>= 3.4),"cli, R6, rprojroot, utils",NA,"callr, covr, gh, spelling, testthat, whoami, withr",NA,MIT + file LICENSE,NA,NA,NA,NA,no,4.2.2
dichromat,/home/mburu/R/x86_64-pc-linux-gnu-library/4.2,2.0-0.1,NA,"R (>= 2.10), stats",NA,NA,NA,NA,GPL-2,NA,NA,NA,NA,no,4.2.2
diffobj,/home/mburu/R/x86_64-pc-linux-gnu-library/4.2,0.3.5,NA,R (>= 3.1.0),"crayon (>= 1.3.2), tools, methods, utils, stats",NA,"knitr, rmarkdown",NA,GPL-2 | GPL-3,NA,NA,NA,NA,yes,4.2.2
digest,/home/mburu/R/x86_64-pc-linux-gnu-library/4.2,0.6.31,NA,R (>= 3.3.0),utils,NA,"tinytest, simplermarkdown",NA,GPL (>= 2),NA,NA,NA,NA,yes,4.2.2
doParallel,/home/mburu/R/x86_64-pc-linux-gnu-library/4.2,1.0.17,NA,"R (>= 2.14.0), foreach (>= 1.2.0), iterators (>= 1.0.0),
parallel, utils",NA,NA,"caret, mlbench, rpart, RUnit",compiler,GPL-2,NA,NA,NA,NA,no,4.2.2
doRNG,/home/mburu/R/x86_64-pc-linux-gnu-library/4.2,1.8.6,NA,"R (>= 3.0.0), foreach, rngtools (>= 1.5)","stats, utils, iterators",NA,"doParallel, doMPI, doRedis, rbenchmark, devtools, knitr,
rbibutils (>= 1.3), testthat, pkgmaker (>= 0.32.7), covr",NA,GPL (>= 2),NA,NA,NA,NA,no,4.2.2
dplyr,/home/mburu/R/x86_64-pc-linux-gnu-library/4.2,1.1.0,NA,R (>= 3.4.0),"cli (>= 3.4.0), generics, glue (>= 1.3.2), lifecycle (>=
1.0.3), magrittr (>= 1.5), methods, pillar (>= 1.5.1), R6,
rlang (>= 1.0.6), tibble (>= 2.1.3), tidyselect (>= 1.2.0),
utils, vctrs (>= 0.5.2)",NA,"bench, broom, callr, covr, DBI, dbplyr (>= 2.2.1), ggplot2,
knitr, Lahman, lobstr, microbenchmark, nycflights13, purrr,
rmarkdown, RMySQL, RPostgreSQL, RSQLite, stringi (>= 1.7.6),
testthat (>= 3.1.5), tidyr (>= 1.3.0), withr",NA,MIT + file LICENSE,NA,NA,NA,NA,yes,4.2.2
DT,/home/mburu/R/x86_64-pc-linux-gnu-library/4.2,0.27,NA,NA,"htmltools (>= 0.3.6), htmlwidgets (>= 1.3), jsonlite (>=
0.9.16), magrittr, crosstalk, jquerylib, promises",NA,"knitr (>= 1.8), rmarkdown, shiny (>= 1.6), bslib, future,
testit, tibble",NA,GPL-3 | file LICENSE,NA,NA,NA,NA,no,4.2.2
dtplyr,/home/mburu/R/x86_64-pc-linux-gnu-library/4.2,1.3.0,NA,R (>= 3.3),"cli (>= 3.4.0), crayon, data.table (>= 1.13.0), dplyr (>=
1.1.0), glue, lifecycle, rlang (>= 1.0.4), tibble, tidyselect
(>= 1.2.0), vctrs (>= 0.4.1)",NA,"bench, covr, knitr, rmarkdown, testthat (>= 3.1.2), tidyr (>=
1.1.0), waldo (>= 0.3.1)",NA,MIT + file LICENSE,NA,NA,NA,NA,no,4.2.2
dummies,/home/mburu/R/x86_64-pc-linux-gnu-library/4.2,1.5.6,NA,utils,NA,NA,NA,NA,GPL (>= 2),NA,NA,NA,NA,no,4.2.2
e1071,/home/mburu/R/x86_64-pc-linux-gnu-library/4.2,1.7-13,NA,NA,"graphics, grDevices, class, stats, methods, utils, proxy",NA,"cluster, mlbench, nnet, randomForest, rpart, SparseM, xtable,
Matrix, MASS, slam",NA,GPL-2 | GPL-3,NA,NA,NA,NA,yes,4.2.2
ellipsis,/home/mburu/R/x86_64-pc-linux-gnu-library/4.2,0.3.2,NA,R (>= 3.2),rlang (>= 0.3.0),NA,"covr, testthat",NA,MIT + file LICENSE,NA,NA,NA,NA,yes,4.2.2
epiR,/home/mburu/R/x86_64-pc-linux-gnu-library/4.2,2.0.57,NA,"R (>= 3.0.0), survival","BiasedUrn, pander, methods, sf, lubridate, zoo, flextable,
officer",NA,"MASS (>= 3.1-20), knitr, rmarkdown, RColorBrewer, ggplot2,
plyr, rgdal, scales, spData, spatstat, foreign, maptools,
rgeos, mapproj, tidyverse",NA,GPL (>= 2),NA,NA,NA,NA,no,4.2.2
evaluate,/home/mburu/R/x86_64-pc-linux-gnu-library/4.2,0.20,NA,R (>= 3.0.2),methods,NA,"covr, ggplot2, lattice, testthat",NA,MIT + file LICENSE,NA,NA,NA,NA,no,4.2.2
fansi,/home/mburu/R/x86_64-pc-linux-gnu-library/4.2,1.0.4,NA,R (>= 3.1.0),"grDevices, utils",NA,"unitizer, knitr, rmarkdown",NA,GPL-2 | GPL-3,NA,NA,NA,NA,yes,4.2.2
farver,/home/mburu/R/x86_64-pc-linux-gnu-library/4.2,2.1.1,NA,NA,NA,NA,"covr, testthat (>= 3.0.0)",NA,MIT + file LICENSE,NA,NA,NA,NA,yes,4.2.2
fastmap,/home/mburu/R/x86_64-pc-linux-gnu-library/4.2,1.1.1,NA,NA,NA,NA,testthat (>= 2.1.1),NA,MIT + file LICENSE,NA,NA,NA,NA,yes,4.2.2
flextable,/home/mburu/R/x86_64-pc-linux-gnu-library/4.2,0.8.6,NA,NA,"stats, utils, grDevices, graphics, grid, rmarkdown, knitr,
htmltools, rlang, ragg, officer (>= 0.6.0), gdtools (>= 0.3.1),
xml2, data.table (>= 1.13.0), uuid (>= 0.1-4)",NA,"testthat (>= 2.1.0), magick, equatags, commonmark, ggplot2,
scales, doconv (>= 0.3.0), xtable, tables, broom, broom.mixed,
mgcv, cluster, lme4, nlme, bookdown, pdftools, officedown,
pkgdown (>= 2.0.0), webshot2",NA,GPL-3,NA,NA,NA,NA,no,4.2.2
FNN,/home/mburu/R/x86_64-pc-linux-gnu-library/4.2,1.1.3.1,NA,R (>= 3.0.0),NA,NA,"chemometrics, mvtnorm",NA,GPL (>= 2),NA,NA,NA,NA,yes,4.2.2
fontawesome,/home/mburu/R/x86_64-pc-linux-gnu-library/4.2,0.5.0,NA,R (>= 3.3.0),"rlang (>= 1.0.6), htmltools (>= 0.5.1.1)",NA,"covr, dplyr (>= 1.0.8), knitr (>= 1.31), testthat (>= 3.0.0),
rsvg",NA,MIT + file LICENSE,NA,NA,NA,NA,no,4.2.2
fontBitstreamVera,/home/mburu/R/x86_64-pc-linux-gnu-library/4.2,0.1.1,NA,R (>= 3.0.0),NA,NA,NA,NA,file LICENCE,yes,NA,NA,NA,no,4.2.2
fontLiberation,/home/mburu/R/x86_64-pc-linux-gnu-library/4.2,0.1.0,NA,R (>= 3.0),NA,NA,NA,NA,file LICENSE,yes,NA,NA,NA,no,4.2.2
fontquiver,/home/mburu/R/x86_64-pc-linux-gnu-library/4.2,0.2.1,NA,R (>= 3.0.0),"fontBitstreamVera (>= 0.1.0), fontLiberation (>= 0.1.0)",NA,"testthat, htmltools",NA,GPL-3 | file LICENSE,NA,NA,NA,NA,no,4.2.2
forcats,/home/mburu/R/x86_64-pc-linux-gnu-library/4.2,1.0.0,NA,R (>= 3.4),"cli (>= 3.4.0), glue, lifecycle, magrittr, rlang (>= 1.0.0),
tibble",NA,"covr, dplyr, ggplot2, knitr, readr, rmarkdown, testthat (>=
3.0.0), withr",NA,MIT + file LICENSE,NA,NA,NA,NA,no,4.2.2
foreach,/home/mburu/R/x86_64-pc-linux-gnu-library/4.2,1.5.2,NA,R (>= 2.5.0),"codetools, utils, iterators",NA,"randomForest, doMC, doParallel, testthat, knitr, rmarkdown",NA,Apache License (== 2.0),NA,NA,NA,NA,no,4.2.2
Formula,/home/mburu/R/x86_64-pc-linux-gnu-library/4.2,1.2-5,NA,"R (>= 2.0.0), stats",NA,NA,NA,NA,GPL-2 | GPL-3,NA,NA,NA,NA,no,4.2.2
fs,/home/mburu/R/x86_64-pc-linux-gnu-library/4.2,1.6.1,NA,R (>= 3.4),methods,NA,"covr, crayon, knitr, pillar (>= 1.0.0), rmarkdown, spelling,
testthat (>= 3.0.0), tibble (>= 1.1.0), vctrs (>= 0.3.0), withr",NA,MIT + file LICENSE,NA,NA,NA,NA,yes,4.2.2
future,/home/mburu/R/x86_64-pc-linux-gnu-library/4.2,1.31.0,NA,NA,"digest, globals (>= 0.16.1), listenv (>= 0.8.0), parallel,
parallelly (>= 1.34.0), utils",NA,"methods, RhpcBLASctl, R.rsp, markdown",NA,LGPL (>= 2.1),NA,NA,NA,NA,no,4.2.2
future.apply,/home/mburu/R/x86_64-pc-linux-gnu-library/4.2,1.10.0,NA,"R (>= 3.2.0), future (>= 1.28.0)","globals (>= 0.16.1), parallel, utils",NA,"datasets, stats, tools, listenv (>= 0.8.0), R.rsp, markdown",NA,GPL (>= 2),NA,NA,NA,NA,no,4.2.2
gargle,/home/mburu/R/x86_64-pc-linux-gnu-library/4.2,1.3.0,NA,R (>= 3.5),"cli (>= 3.0.0), fs (>= 1.3.1), glue (>= 1.3.0), httr (>=
1.4.0), jsonlite, lifecycle, openssl, rappdirs, rlang (>=
1.0.0), rstudioapi, stats, utils, withr",NA,"aws.ec2metadata, aws.signature, covr, httpuv, knitr, mockr,
rmarkdown, sodium, spelling, testthat (>= 3.1.2)",NA,MIT + file LICENSE,NA,NA,NA,NA,no,4.2.2
gbm,/home/mburu/R/x86_64-pc-linux-gnu-library/4.2,2.1.8.1,NA,R (>= 2.9.0),"lattice, parallel, survival",NA,"covr, gridExtra, knitr, pdp, RUnit, splines, tinytest, vip,
viridis",NA,GPL (>= 2) | file LICENSE,NA,NA,NA,NA,yes,4.2.2
gdtools,/home/mburu/R/x86_64-pc-linux-gnu-library/4.2,0.3.1,NA,R (>= 4.0.0),"Rcpp (>= 0.12.12), systemfonts (>= 0.1.1), htmltools, memoise,
gfonts, tools, curl, fontquiver (>= 0.2.0)",Rcpp,testthat,NA,GPL-3 | file LICENSE,NA,NA,NA,NA,yes,4.2.2
generics,/home/mburu/R/x86_64-pc-linux-gnu-library/4.2,0.1.3,NA,R (>= 3.2),methods,NA,"covr, pkgload, testthat (>= 3.0.0), tibble, withr",NA,MIT + file LICENSE,NA,NA,NA,NA,no,4.2.2
geojsonsf,/home/mburu/R/x86_64-pc-linux-gnu-library/4.2,2.0.3,NA,R (>= 3.3.0),Rcpp,"geometries, jsonify (>= 1.1.1), rapidjsonr (>= 1.2.0), Rcpp,
sfheaders (>= 0.2.2)","covr, jsonify, knitr, rmarkdown, tinytest",NA,MIT + file LICENSE,NA,NA,NA,NA,yes,4.2.2
geometries,/home/mburu/R/x86_64-pc-linux-gnu-library/4.2,0.2.1,NA,NA,Rcpp (>= 1.0.10),Rcpp,"covr, knitr, rmarkdown, tinytest",NA,MIT + file LICENSE,NA,NA,NA,NA,yes,4.2.2
gfonts,/home/mburu/R/x86_64-pc-linux-gnu-library/4.2,0.2.0,NA,R (>= 2.10),"utils, htmltools, shiny, crul, jsonlite, glue, crayon",NA,"knitr, rmarkdown, testthat (>= 2.1.0), vcr, covr",NA,GPL-3,NA,NA,NA,NA,no,4.2.2
ggbeeswarm,/home/mburu/R/x86_64-pc-linux-gnu-library/4.2,0.7.1,NA,"R (>= 3.5.0), ggplot2 (>= 3.3.0)","beeswarm, lifecycle, vipor",NA,gridExtra,NA,GPL (>= 3),NA,NA,NA,NA,no,4.2.2
ggforce,/home/mburu/R/x86_64-pc-linux-gnu-library/4.2,0.4.1,NA,"ggplot2 (>= 3.3.6), R (>= 3.3.0)","Rcpp (>= 0.12.2), grid, scales, MASS, tweenr (>= 0.1.5),
gtable, rlang, polyclip, stats, grDevices, tidyselect, withr,
utils, lifecycle, cli, vctrs, systemfonts","Rcpp, RcppEigen","sessioninfo, concaveman, deldir, latex2exp, reshape2, units
(>= 0.4-6), covr",NA,MIT + file LICENSE,NA,NA,NA,NA,yes,4.2.2
ggiraph,/home/mburu/R/x86_64-pc-linux-gnu-library/4.2,0.8.6,NA,NA,"grid, ggplot2 (>= 3.4.0), htmlwidgets (>= 1.5), stats,
htmltools, Rcpp (>= 1.0), systemfonts, purrr, rlang, uuid,
vctrs","Rcpp, systemfonts","knitr, tinytest, rmarkdown, maps, hexbin, shiny, sf (>= 1.0),
ggrepel (>= 0.9.1), quantreg, xml2 (>= 1.0), dplyr, gdtools (>=
0.3.0)",NA,GPL-3,NA,NA,NA,NA,yes,4.2.2
ggmap,/home/mburu/R/x86_64-pc-linux-gnu-library/4.2,3.0.1,NA,"R (>= 3.1.0), ggplot2 (>= 2.2.0)","RgoogleMaps, png, plyr, jpeg, digest, scales, dplyr, bitops,
grid, glue, httr, stringr, purrr, magrittr, tibble, tidyr,
rlang, cli",NA,"MASS, hexbin, testthat",NA,GPL-2,NA,NA,NA,NA,no,4.2.2
ggplot2,/home/mburu/R/x86_64-pc-linux-gnu-library/4.2,3.4.1,NA,R (>= 3.3),"cli, glue, grDevices, grid, gtable (>= 0.1.1), isoband,
lifecycle (> 1.0.1), MASS, mgcv, rlang (>= 1.0.0), scales (>=
1.2.0), stats, tibble, vctrs (>= 0.5.0), withr (>= 2.5.0)",NA,"covr, dplyr, ggplot2movies, hexbin, Hmisc, knitr, lattice,
mapproj, maps, maptools, multcomp, munsell, nlme, profvis,
quantreg, ragg, RColorBrewer, rgeos, rmarkdown, rpart, sf (>=
0.7-3), svglite (>= 1.2.0.9001), testthat (>= 3.1.2), vdiffr
(>= 1.0.0), xml2",sp,MIT + file LICENSE,NA,NA,NA,NA,no,4.2.2
ggplot2movies,/home/mburu/R/x86_64-pc-linux-gnu-library/4.2,0.0.1,NA,R (>= 2.10.0),NA,NA,NA,NA,GPL-3,NA,NA,NA,NA,no,4.2.2
ggthemes,/home/mburu/R/x86_64-pc-linux-gnu-library/4.2,4.2.4,NA,R (>= 3.3.0),"ggplot2 (>= 3.0.0), graphics, grid, methods, purrr, scales,
stringr, tibble",NA,"dplyr, covr, extrafont, glue, knitr, lattice, lintr, maps,
mapproj, pander, rlang, rmarkdown, spelling, testthat, tidyr,
vdiffr, withr",NA,GPL-2,NA,NA,NA,NA,no,4.2.2
glmnet,/home/mburu/R/x86_64-pc-linux-gnu-library/4.2,4.1-6,NA,"R (>= 3.6.0), Matrix (>= 1.0-6)","methods, utils, foreach, shape, survival, Rcpp","RcppEigen, Rcpp","knitr, lars, testthat, xfun, rmarkdown",NA,GPL-2,NA,NA,NA,NA,yes,4.2.2
globals,/home/mburu/R/x86_64-pc-linux-gnu-library/4.2,0.16.2,NA,R (>= 3.1.2),codetools,NA,NA,NA,LGPL (>= 2.1),NA,NA,NA,NA,no,4.2.2
glue,/home/mburu/R/x86_64-pc-linux-gnu-library/4.2,1.6.2,NA,R (>= 3.4),methods,NA,"covr, crayon, DBI, dplyr, forcats, ggplot2, knitr, magrittr,
microbenchmark, R.utils, rmarkdown, rprintf, RSQLite, stringr,
testthat (>= 3.0.0), vctrs (>= 0.3.0), waldo (>= 0.3.0), withr",NA,MIT + file LICENSE,NA,NA,NA,NA,yes,4.2.2
googledrive,/home/mburu/R/x86_64-pc-linux-gnu-library/4.2,2.0.0,NA,R (>= 3.3),"cli (>= 3.0.0), gargle (>= 1.2.0), glue (>= 1.4.2), httr,
jsonlite, lifecycle, magrittr, pillar, purrr (>= 0.2.3), rlang
(>= 0.4.9), tibble (>= 2.0.0), utils, uuid, vctrs (>= 0.3.0),
withr",NA,"covr, curl, downlit, dplyr (>= 1.0.0), knitr, mockr,
rmarkdown, roxygen2, sodium, spelling, testthat (>= 3.0.0)",NA,MIT + file LICENSE,NA,NA,NA,NA,no,4.2.2
googlesheets4,/home/mburu/R/x86_64-pc-linux-gnu-library/4.2,1.0.1,NA,R (>= 3.4),"cellranger, cli (>= 3.0.0), curl, gargle (>= 1.2.0), glue (>=
1.3.0), googledrive (>= 2.0.0), httr, ids, magrittr, methods,
purrr, rematch2, rlang (>= 1.0.2), tibble (>= 2.1.1), utils,
vctrs (>= 0.2.3)",NA,"covr, readr, rmarkdown, sodium, spelling, testthat (>=
3.1.3), withr",NA,MIT + file LICENSE,NA,NA,NA,NA,no,4.2.2
gower,/home/mburu/R/x86_64-pc-linux-gnu-library/4.2,1.0.1,NA,NA,NA,NA,"tinytest (>= 0.9.3),",NA,GPL-3,NA,NA,NA,NA,yes,4.2.2
gplots,/home/mburu/R/x86_64-pc-linux-gnu-library/4.2,3.1.3,NA,R (>= 3.0),"gtools, stats, caTools, KernSmooth, methods",NA,"grid, MASS, knitr, r2d2",NA,GPL-2,NA,NA,NA,NA,no,4.2.2
gridExtra,/home/mburu/R/x86_64-pc-linux-gnu-library/4.2,2.3,NA,NA,"gtable, grid, grDevices, graphics, utils",NA,"ggplot2, egg, lattice, knitr, testthat",NA,GPL (>= 2),NA,NA,NA,NA,no,4.2.2
gtable,/home/mburu/R/x86_64-pc-linux-gnu-library/4.2,0.3.1,NA,R (>= 3.0),grid,NA,"covr, testthat, knitr, rmarkdown, ggplot2, profvis",NA,MIT + file LICENSE,NA,NA,NA,NA,no,4.2.2
gtools,/home/mburu/R/x86_64-pc-linux-gnu-library/4.2,3.9.4,NA,"methods, stats, utils",NA,NA,"car, gplots, knitr, rstudioapi, SGP, taxize",NA,GPL-2,NA,NA,NA,NA,yes,4.2.2
h2o,/home/mburu/R/x86_64-pc-linux-gnu-library/4.2,3.40.0.1,NA,"R (>= 2.13.0), methods, stats","graphics, tools, utils, RCurl, jsonlite",NA,"ggplot2 (>= 3.3.0), mlbench, Matrix, slam, bit64 (>= 0.9.7),
data.table (>= 1.9.8), rgl (>= 0.100.19), plot3Drgl (>= 1.0.1),
survival, DT, IRdisplay, htmltools, plotly, repr, curl, scales",NA,Apache License (== 2.0),NA,NA,NA,NA,no,4.2.2
hardhat,/home/mburu/R/x86_64-pc-linux-gnu-library/4.2,1.2.0,NA,R (>= 3.4.0),"glue (>= 1.6.2), rlang (>= 1.0.3), tibble (>= 3.1.7), vctrs
(>= 0.4.1)",NA,"covr, crayon, devtools, knitr, Matrix, modeldata (>= 0.0.2),
recipes (>= 0.1.8), rmarkdown (>= 2.3), roxygen2, testthat (>=
3.0.0), usethis (>= 2.1.5)",NA,MIT + file LICENSE,NA,NA,NA,NA,no,4.2.2
haven,/home/mburu/R/x86_64-pc-linux-gnu-library/4.2,2.5.1,NA,R (>= 3.4),"cli (>= 3.0.0), forcats (>= 0.2.0), hms, lifecycle, methods,
readr (>= 0.1.0), rlang (>= 0.4.0), tibble, tidyselect, vctrs
(>= 0.3.0)",cpp11,"covr, crayon, fs, knitr, pillar (>= 1.4.0), rmarkdown,
testthat (>= 3.0.0)",NA,MIT + file LICENSE,NA,NA,NA,NA,yes,4.2.2
here,/home/mburu/R/x86_64-pc-linux-gnu-library/4.2,1.0.1,NA,NA,rprojroot (>= 2.0.2),NA,"conflicted, covr, fs, knitr, palmerpenguins, plyr, readr,
rlang, rmarkdown, testthat, uuid, withr",NA,MIT + file LICENSE,NA,NA,NA,NA,no,4.2.2
highr,/home/mburu/R/x86_64-pc-linux-gnu-library/4.2,0.10,NA,R (>= 3.3.0),xfun (>= 0.18),NA,"knitr, markdown, testit",NA,GPL,NA,NA,NA,NA,no,4.2.2
Hmisc,/home/mburu/R/x86_64-pc-linux-gnu-library/4.2,4.8-0,NA,"lattice, survival (>= 3.1-6), Formula, ggplot2 (>= 2.2)","methods, latticeExtra, cluster, rpart, nnet, foreign, gtable,
grid, gridExtra, data.table, htmlTable (>= 1.11.0), viridis,
htmltools, base64enc, colorspace",NA,"acepack, chron, rms, mice, rstudioapi, tables, knitr, plotly
(>= 4.5.6), rlang, plyr, VGAM",NA,GPL (>= 2),NA,NA,NA,NA,yes,4.2.2
hms,/home/mburu/R/x86_64-pc-linux-gnu-library/4.2,1.1.2,NA,NA,"ellipsis (>= 0.3.2), lifecycle, methods, pkgconfig, rlang,
vctrs (>= 0.3.8)",NA,"crayon, lubridate, pillar (>= 1.1.0), testthat (>= 3.0.0)",NA,MIT + file LICENSE,NA,NA,NA,NA,no,4.2.2
htmlTable,/home/mburu/R/x86_64-pc-linux-gnu-library/4.2,2.4.1,NA,NA,"stringr, knitr (>= 1.6), magrittr (>= 1.5), methods,
checkmate, htmlwidgets, htmltools, rstudioapi (>= 0.6)",NA,"testthat, XML, xml2, Hmisc, reshape, rmarkdown, chron,
lubridate, tibble, purrr, tidyselect, glue, rlang, tidyr (>=
0.7.2), dplyr (>= 0.7.4)",NA,GPL (>= 3),NA,NA,NA,NA,no,4.2.2
htmltools,/home/mburu/R/x86_64-pc-linux-gnu-library/4.2,0.5.4,NA,R (>= 2.14.1),"utils, digest, grDevices, base64enc, rlang (>= 0.4.10),
fastmap (>= 1.1.0), ellipsis",NA,"markdown, testthat, withr, Cairo, ragg, shiny",knitr,GPL (>= 2),NA,NA,NA,NA,yes,4.2.2
htmlwidgets,/home/mburu/R/x86_64-pc-linux-gnu-library/4.2,1.6.1,NA,NA,"grDevices, htmltools (>= 0.5.4), jsonlite (>= 0.9.16), yaml,
knitr (>= 1.8), rmarkdown",NA,testthat,shiny (>= 1.1),MIT + file LICENSE,NA,NA,NA,NA,no,4.2.2
httpcode,/home/mburu/R/x86_64-pc-linux-gnu-library/4.2,0.3.0,NA,NA,NA,NA,testthat,NA,MIT + file LICENSE,NA,NA,NA,NA,no,4.2.2
httpuv,/home/mburu/R/x86_64-pc-linux-gnu-library/4.2,1.6.9,NA,R (>= 2.15.1),"Rcpp (>= 1.0.7), utils, R6, promises, later (>= 0.8.0)","Rcpp, later","testthat, callr, curl, websocket",NA,GPL (>= 2) | file LICENSE,NA,NA,NA,NA,yes,4.2.2
httr,/home/mburu/R/x86_64-pc-linux-gnu-library/4.2,1.4.5,NA,R (>= 3.5),"curl (>= 3.0.0), jsonlite, mime, openssl (>= 0.8), R6",NA,"covr, httpuv, jpeg, knitr, png, readr, rmarkdown, testthat
(>= 0.8.0), xml2",NA,MIT + file LICENSE,NA,NA,NA,NA,no,4.2.2
iBreakDown,/home/mburu/R/x86_64-pc-linux-gnu-library/4.2,2.0.1,NA,R (>= 3.5),ggplot2,NA,"DALEX, knitr, rmarkdown, randomForest, e1071, ranger, nnet,
testthat, r2d3, jsonlite, covr",NA,GPL-3,NA,NA,NA,NA,no,4.2.2
ids,/home/mburu/R/x86_64-pc-linux-gnu-library/4.2,1.0.1,NA,NA,"openssl, uuid",NA,"knitr, rcorpora, rmarkdown, testthat",NA,MIT + file LICENSE,NA,NA,NA,NA,no,4.2.2
igraph,/home/mburu/R/x86_64-pc-linux-gnu-library/4.2,1.4.1,NA,methods,"graphics, grDevices, magrittr, Matrix, pkgconfig (>= 2.0.0),
rlang, stats, utils",NA,"ape, digest, graph, igraphdata, rgl, scales, stats4, tcltk,
testthat, withr, vdiffr, knitr, rmarkdown",NA,GPL (>= 2),NA,NA,NA,NA,yes,4.2.2
iml,/home/mburu/R/x86_64-pc-linux-gnu-library/4.2,0.11.1,NA,NA,"checkmate, data.table, Formula, future, future.apply, ggplot2,
Metrics, prediction, R6",NA,"ALEPlot, bench, bit64, caret, covr, e1071, future.callr,
glmnet, gower, h2o, keras (>= 2.2.5.0), knitr, MASS, mlr, mlr3,
party, partykit, patchwork, randomForest, ranger, rmarkdown,
rpart, testthat, yaImpute",NA,MIT + file LICENSE,NA,NA,NA,NA,no,4.2.2
ingredients,/home/mburu/R/x86_64-pc-linux-gnu-library/4.2,2.3.0,NA,R (>= 3.5),"ggplot2, scales, gridExtra, methods",NA,"DALEX, gower, ranger, testthat, r2d3, jsonlite, knitr,
rmarkdown, covr",NA,GPL-3,NA,NA,NA,NA,no,4.2.2
interp,/home/mburu/R/x86_64-pc-linux-gnu-library/4.2,1.1-3,NA,R (>= 3.5.0),"Rcpp (>= 0.12.9), deldir","Rcpp, RcppEigen","sp, Deriv, Ryacas, ggplot2, gridExtra, lattice, stringi,
stringr",RcppEigen,GPL (>= 2),NA,NA,NA,NA,yes,4.2.2
ipred,/home/mburu/R/x86_64-pc-linux-gnu-library/4.2,0.9-13,NA,R (>= 2.10),"rpart (>= 3.1-8), MASS, survival, nnet, class, prodlim",NA,"mvtnorm, mlbench, TH.data, randomForest, party",NA,GPL (>= 2),NA,NA,NA,NA,yes,4.2.2
isoband,/home/mburu/R/x86_64-pc-linux-gnu-library/4.2,0.2.7,NA,NA,"grid, utils",NA,"covr, ggplot2, knitr, magick, microbenchmark, rmarkdown, sf,
testthat, xml2",NA,MIT + file LICENSE,NA,NA,NA,NA,yes,4.2.2
isofor,/home/mburu/R/x86_64-pc-linux-gnu-library/4.2,1.0.0,NA,NA,"Rcpp, Matrix, parallel",Rcpp,shiny,NA,MIT + file LICENSE,NA,NA,NA,NA,yes,4.2.2
iterators,/home/mburu/R/x86_64-pc-linux-gnu-library/4.2,1.0.14,NA,"R (>= 2.5.0), utils",NA,NA,"RUnit, foreach",NA,Apache License (== 2.0),NA,NA,NA,NA,no,4.2.2
itertools,/home/mburu/R/x86_64-pc-linux-gnu-library/4.2,0.1-3,NA,"R (>= 2.14.0), iterators(>= 1.0.0)",parallel,NA,foreach,NA,GPL-2,NA,NA,NA,NA,no,4.2.2
janitor,/home/mburu/R/x86_64-pc-linux-gnu-library/4.2,2.2.0,NA,R (>= 3.1.2),"dplyr (>= 1.0.0), hms, lifecycle, lubridate, magrittr, purrr,
rlang, stringi, stringr, snakecase (>= 0.9.2), tidyselect (>=
1.0.0), tidyr (>= 0.7.0)",NA,"dbplyr, knitr, rmarkdown, RSQLite, sf, testthat (>= 3.0.0),
tibble, tidygraph",NA,MIT + file LICENSE,NA,NA,NA,NA,no,4.2.2
jpeg,/home/mburu/R/x86_64-pc-linux-gnu-library/4.2,0.1-10,NA,R (>= 2.9.0),NA,NA,NA,NA,GPL-2 | GPL-3,NA,NA,NA,NA,yes,4.2.2
jquerylib,/home/mburu/R/x86_64-pc-linux-gnu-library/4.2,0.1.4,NA,NA,htmltools,NA,testthat,NA,MIT + file LICENSE,NA,NA,NA,NA,no,4.2.2
jsonify,/home/mburu/R/x86_64-pc-linux-gnu-library/4.2,1.2.2,NA,R (>= 3.3.0),Rcpp (>= 0.12.18),"rapidjsonr (>= 1.2.0), Rcpp","covr, testthat, knitr, rmarkdown",NA,MIT + file LICENSE,NA,NA,NA,NA,yes,4.2.2
jsonlite,/home/mburu/R/x86_64-pc-linux-gnu-library/4.2,1.8.4,NA,methods,NA,NA,"httr, vctrs, testthat, knitr, rmarkdown, R.rsp, sf",NA,MIT + file LICENSE,NA,NA,NA,NA,yes,4.2.2
kableExtra,/home/mburu/R/x86_64-pc-linux-gnu-library/4.2,1.3.4,NA,R (>= 3.1.0),"knitr (>= 1.16), magrittr, stringr (>= 1.0), xml2 (>= 1.1.1),
rvest, rmarkdown (>= 1.6.0), scales, viridisLite, stats,
grDevices, htmltools, rstudioapi, glue, tools, webshot, digest,
graphics, svglite",NA,"testthat, magick, formattable, sparkline",NA,MIT + file LICENSE,NA,NA,NA,NA,no,4.2.2
kernlab,/home/mburu/R/x86_64-pc-linux-gnu-library/4.2,0.9-32,NA,R (>= 2.10),"methods, stats, grDevices, graphics",NA,NA,NA,GPL-2,NA,NA,NA,NA,yes,4.2.2
knitr,/home/mburu/R/x86_64-pc-linux-gnu-library/4.2,1.42,NA,R (>= 3.3.0),"evaluate (>= 0.15), highr, methods, yaml (>= 2.1.19), xfun (>=
0.34), tools",NA,"markdown (>= 1.3), formatR, testit, digest, rgl (>=
0.95.1201), codetools, rmarkdown, htmlwidgets (>= 0.7),
webshot, tikzDevice (>= 0.10), tinytex, reticulate (>= 1.4),
JuliaCall (>= 0.11.1), magick, png, jpeg, gifski, xml2 (>=
1.2.0), httr, DBI (>= 0.4-1), showtext, tibble, sass, bslib,
ragg, gridSVG, styler (>= 1.2.0), targets (>= 0.6.0)",NA,GPL,NA,NA,NA,NA,no,4.2.2
labeling,/home/mburu/R/x86_64-pc-linux-gnu-library/4.2,0.4.2,NA,NA,"stats, graphics",NA,NA,NA,MIT + file LICENSE | Unlimited,NA,NA,NA,NA,no,4.2.2
laeken,/home/mburu/R/x86_64-pc-linux-gnu-library/4.2,0.5.2,NA,R (>= 3.2.0),"boot, MASS",NA,NA,NA,GPL (>= 2),NA,NA,NA,NA,no,4.2.2
later,/home/mburu/R/x86_64-pc-linux-gnu-library/4.2,1.3.0,NA,NA,"Rcpp (>= 0.12.9), rlang",Rcpp,"knitr, rmarkdown, testthat (>= 2.1.0)",NA,MIT + file LICENSE,NA,NA,NA,NA,yes,4.2.2
latticeExtra,/home/mburu/R/x86_64-pc-linux-gnu-library/4.2,0.6-30,NA,"R (>= 3.6.0), lattice","grid, stats, utils, grDevices, png, jpeg, RColorBrewer,
interp, MASS",NA,"maps, mapproj, deldir, quantreg, zoo, mgcv",NA,GPL (>= 2),NA,NA,NA,NA,no,4.2.2
lava,/home/mburu/R/x86_64-pc-linux-gnu-library/4.2,1.7.2,NA,R (>= 3.0),"future.apply, grDevices, graphics, methods, numDeriv,
progressr, stats, survival, SQUAREM, utils",NA,"KernSmooth, Matrix, Rgraphviz, data.table, ellipse, fields,
geepack, graph, knitr, bookdown, rmarkdown, igraph (>= 0.6),
lavaSearch2, lme4, mets (>= 1.1), nlme, optimx, polycor,
quantreg, rgl, R.rsp (>= 0.40), targeted (>= 0.2), testthat (>=
0.11), visNetwork, zoo",NA,GPL-3,NA,NA,NA,NA,no,4.2.2
lazyeval,/home/mburu/R/x86_64-pc-linux-gnu-library/4.2,0.2.2,NA,R (>= 3.1.0),NA,NA,"knitr, rmarkdown (>= 0.2.65), testthat, covr",NA,GPL-3,NA,NA,NA,NA,yes,4.2.2
leafem,/home/mburu/R/x86_64-pc-linux-gnu-library/4.2,0.2.0,NA,R (>= 3.1.0),"base64enc, geojsonsf, htmltools (>= 0.3), htmlwidgets, leaflet
(>= 2.0.1), methods, raster, sf, png",NA,"clipr, leafgl, mapdeck, plainview, rgdal, stars",NA,MIT + file LICENSE,NA,NA,NA,NA,no,4.2.2
leaflet,/home/mburu/R/x86_64-pc-linux-gnu-library/4.2,2.1.1,NA,R (>= 3.1.0),"base64enc, crosstalk, htmlwidgets (>= 1.5.4), htmltools,
magrittr, markdown, methods, png, RColorBrewer, raster, scales
(>= 1.0.0), sp, stats, viridis (>= 0.5.1), leaflet.providers
(>= 1.8.0)",NA,"knitr, maps, sf (>= 0.9-6), shiny, rgdal, rgeos, R6, RJSONIO,
purrr, testthat (>= 3.0.0), s2",NA,GPL-3,NA,NA,NA,NA,no,4.2.2
leaflet.providers,/home/mburu/R/x86_64-pc-linux-gnu-library/4.2,1.9.0,NA,R (>= 2.10),NA,NA,"V8, jsonlite, testthat (>= 2.1.0)",NA,BSD_2_clause + file LICENSE,NA,NA,NA,NA,no,4.2.2
leafsync,/home/mburu/R/x86_64-pc-linux-gnu-library/4.2,0.1.0,NA,"R (>= 3.1.0), methods","htmltools (>= 0.3), htmlwidgets, leaflet (>= 2.0.1)",NA,NA,NA,MIT + file LICENSE,NA,NA,NA,NA,no,4.2.2
lifecycle,/home/mburu/R/x86_64-pc-linux-gnu-library/4.2,1.0.3,NA,R (>= 3.4),"cli (>= 3.4.0), glue, rlang (>= 1.0.6)",NA,"covr, crayon, knitr, lintr, rmarkdown, testthat (>= 3.0.1),
tibble, tidyverse, tools, vctrs, withr",NA,MIT + file LICENSE,NA,NA,NA,NA,no,4.2.2
listenv,/home/mburu/R/x86_64-pc-linux-gnu-library/4.2,0.9.0,NA,R (>= 3.1.2),NA,NA,"R.utils, R.rsp, markdown",NA,LGPL (>= 2.1),NA,NA,NA,NA,no,4.2.2
lme4,/home/mburu/R/x86_64-pc-linux-gnu-library/4.2,1.1-31,NA,"R (>= 3.5.0), Matrix (>= 1.2-1), methods, stats","graphics, grid, splines, utils, parallel, MASS, lattice, boot,
nlme (>= 3.1-123), minqa (>= 1.1.15), nloptr (>= 1.0.4)","Rcpp (>= 0.10.5), RcppEigen","knitr, rmarkdown, MEMSS, testthat (>= 0.8.1), ggplot2,
mlmRev, optimx (>= 2013.8.6), gamm4, pbkrtest, HSAUR3,
numDeriv, car, dfoptim, mgcv, statmod, rr2, semEff, tibble,
merDeriv",NA,GPL (>= 2),NA,NA,NA,NA,yes,4.2.2
lmtest,/home/mburu/R/x86_64-pc-linux-gnu-library/4.2,0.9-40,NA,"R (>= 3.0.0), stats, zoo",graphics,NA,"car, strucchange, sandwich, dynlm, stats4, survival, AER",NA,GPL-2 | GPL-3,NA,NA,NA,NA,yes,4.2.2
lubridate,/home/mburu/R/x86_64-pc-linux-gnu-library/4.2,1.9.2,NA,"methods, R (>= 3.2)","generics, timechange (>= 0.1.1)",NA,"covr, knitr, rmarkdown, testthat (>= 2.1.0), vctrs (>= 0.5.0)","chron, data.table, timeDate, tis, zoo",GPL (>= 2),NA,NA,NA,NA,yes,4.2.2
lwgeom,/home/mburu/R/x86_64-pc-linux-gnu-library/4.2,0.2-11,NA,R (>= 3.3.0),"Rcpp, units, sf (>= 0.9-3)","Rcpp, sf (>= 0.6-0)","covr, sp, geosphere, testthat",NA,GPL-2,NA,NA,NA,NA,yes,4.2.2
magrittr,/home/mburu/R/x86_64-pc-linux-gnu-library/4.2,2.0.3,NA,R (>= 3.4.0),NA,NA,"covr, knitr, rlang, rmarkdown, testthat",NA,MIT + file LICENSE,NA,NA,NA,NA,yes,4.2.2
markdown,/home/mburu/R/x86_64-pc-linux-gnu-library/4.2,1.5,NA,R (>= 2.11.1),"utils, commonmark, xfun (>= 0.35)",NA,"knitr, rmarkdown (>= 2.18), yaml, RCurl",NA,GPL-2,NA,NA,NA,NA,no,4.2.2
mathjaxr,/home/mburu/R/x86_64-pc-linux-gnu-library/4.2,1.6-0,NA,NA,NA,NA,js,NA,GPL-3,NA,NA,NA,NA,yes,4.2.2
MatrixModels,/home/mburu/R/x86_64-pc-linux-gnu-library/4.2,0.5-1,NA,R (>= 3.6.0),"stats, methods, Matrix (>= 1.4-2)",NA,NA,NA,GPL (>= 2),NA,NA,NA,NA,no,4.2.2
memoise,/home/mburu/R/x86_64-pc-linux-gnu-library/4.2,2.0.1,NA,NA,"rlang (>= 0.4.10), cachem",NA,"digest, aws.s3, covr, googleAuthR, googleCloudStorageR, httr,
testthat",NA,MIT + file LICENSE,NA,NA,NA,NA,no,4.2.2
meta,/home/mburu/R/x86_64-pc-linux-gnu-library/4.2,6.2-1,NA,R (>= 4.0.0),"metafor (>= 3.0-0), grid, lme4, CompQuadForm, xml2",NA,"BiasedUrn, pimeta, estmeansd",NA,GPL (>= 2),NA,NA,NA,NA,no,4.2.2
metadat,/home/mburu/R/x86_64-pc-linux-gnu-library/4.2,1.2-0,NA,R (>= 4.0.0),"utils, tools, mathjaxr",NA,"metafor, numDeriv, BiasedUrn, dfoptim, igraph, ape, testthat,
digest, lme4, clubSandwich, meta, netmeta, mvtnorm, gridExtra,
rms",NA,GPL (>= 2),NA,NA,NA,NA,no,4.2.2
metafor,/home/mburu/R/x86_64-pc-linux-gnu-library/4.2,3.8-1,NA,"R (>= 4.0.0), methods, Matrix, metadat","stats, utils, graphics, grDevices, nlme, mathjaxr, pbapply",NA,"lme4, numDeriv, pracma, minqa, nloptr, dfoptim, ucminf,
lbfgsb3c, subplex, BB, Rsolnp, alabama, optimParallel,
CompQuadForm, mvtnorm, BiasedUrn, Epi, survival, GLMMadaptive,
glmmTMB, multcomp, gsl, sp, ape, boot, clubSandwich, crayon,
R.rsp, testthat, rmarkdown, wildmeta",NA,GPL (>= 2),NA,NA,NA,NA,no,4.2.2
Metrics,/home/mburu/R/x86_64-pc-linux-gnu-library/4.2,0.1.4,NA,NA,NA,NA,testthat,NA,BSD_3_clause + file LICENSE,NA,NA,NA,NA,no,4.2.2
mice,/home/mburu/R/x86_64-pc-linux-gnu-library/4.2,3.15.0,NA,R (>= 2.10.0),"broom, dplyr, generics, graphics, grDevices, lattice, methods,
Rcpp, rlang, stats, tidyr, utils","cpp11, Rcpp","broom.mixed, decor, future, furrr, glmnet, haven, knitr,
lme4, lmtest, MASS, metafor, mitml, miceadds, nnet, pan,
parallelly, purrr, randomForest, ranger, rmarkdown, rpart,
rstan, survival, testthat",NA,GPL (>= 2),NA,NA,NA,NA,yes,4.2.2
microbenchmark,/home/mburu/R/x86_64-pc-linux-gnu-library/4.2,1.4.9,NA,NA,"graphics, stats",NA,"ggplot2, multcomp, RUnit",NA,BSD_2_clause + file LICENSE,NA,NA,NA,NA,yes,4.2.2
mime,/home/mburu/R/x86_64-pc-linux-gnu-library/4.2,0.12,NA,NA,tools,NA,NA,NA,GPL,NA,NA,NA,NA,yes,4.2.2
minqa,/home/mburu/R/x86_64-pc-linux-gnu-library/4.2,1.2.5,NA,NA,Rcpp (>= 0.9.10),Rcpp,NA,NA,GPL-2,NA,NA,NA,NA,yes,4.2.2
missForest,/home/mburu/R/x86_64-pc-linux-gnu-library/4.2,1.5,NA,NA,"randomForest,foreach,itertools,iterators,doRNG",NA,doParallel,NA,GPL (>= 2),NA,NA,NA,NA,no,4.2.2
MLmetrics,/home/mburu/R/x86_64-pc-linux-gnu-library/4.2,1.1.1,NA,R (>= 2.10),"stats, utils, ROCR",NA,e1071,NA,GPL-2,NA,NA,NA,NA,no,4.2.2
ModelMetrics,/home/mburu/R/x86_64-pc-linux-gnu-library/4.2,1.2.2.2,NA,R (>= 3.2.2),"Rcpp, data.table",Rcpp,testthat,NA,GPL (>= 2),NA,NA,NA,NA,yes,4.2.2
modelr,/home/mburu/R/x86_64-pc-linux-gnu-library/4.2,0.1.10,NA,R (>= 3.2),"broom, magrittr, purrr (>= 0.2.2), rlang (>= 1.0.6), tibble,
tidyr (>= 0.8.0), tidyselect, vctrs",NA,"compiler, covr, ggplot2, testthat (>= 3.0.0)",NA,GPL-3,NA,NA,NA,NA,no,4.2.2
munsell,/home/mburu/R/x86_64-pc-linux-gnu-library/4.2,0.5.0,NA,NA,"colorspace, methods",NA,"ggplot2, testthat",NA,MIT + file LICENSE,NA,NA,NA,NA,no,4.2.2
naivebayes,/home/mburu/R/x86_64-pc-linux-gnu-library/4.2,0.9.7,NA,NA,NA,NA,"knitr, Matrix",NA,GPL-2,NA,NA,NA,NA,no,4.2.2
nloptr,/home/mburu/R/x86_64-pc-linux-gnu-library/4.2,2.0.3,NA,NA,NA,testthat,"knitr, rmarkdown, xml2, testthat (>= 3.0.0), covr",NA,LGPL (>= 3),NA,NA,NA,NA,yes,4.2.2
norm,/home/mburu/R/x86_64-pc-linux-gnu-library/4.2,1.0-10.0,NA,NA,stats,NA,NA,NA,GPL (>= 2),NA,NA,NA,NA,yes,4.2.2
numDeriv,/home/mburu/R/x86_64-pc-linux-gnu-library/4.2,2016.8-1.1,NA,R (>= 2.11.1),NA,NA,NA,NA,GPL-2,NA,NA,NA,NA,no,4.2.2
officer,/home/mburu/R/x86_64-pc-linux-gnu-library/4.2,0.6.0,NA,NA,"grDevices, stats, graphics, utils, zip (>= 2.1.0), xml2 (>=
1.1.0), openssl, R6, uuid",NA,"testthat, devEMF, ggplot2, rmarkdown, doconv (>= 0.3.0),
knitr, rsvg, magick",NA,MIT + file LICENSE,NA,NA,NA,NA,no,4.2.2
openssl,/home/mburu/R/x86_64-pc-linux-gnu-library/4.2,2.0.5,NA,NA,askpass,NA,"curl, testthat (>= 2.1.0), digest, knitr, rmarkdown,
jsonlite, jose, sodium",NA,MIT + file LICENSE,NA,NA,NA,NA,yes,4.2.2
outliers,/home/mburu/R/x86_64-pc-linux-gnu-library/4.2,0.15,NA,R (>= 2.0),NA,NA,NA,NA,GPL (>= 2),NA,NA,NA,NA,no,4.2.2
packrat,/home/mburu/R/x86_64-pc-linux-gnu-library/4.2,0.9.0,NA,R (>= 3.0.0),"tools, utils",NA,"testthat (>= 3.0.0), devtools, httr, knitr, mockery,
rmarkdown",NA,GPL-2,NA,NA,NA,NA,no,4.2.2
pander,/home/mburu/R/x86_64-pc-linux-gnu-library/4.2,0.6.5,NA,R (>= 2.15.0),"grDevices, graphics, methods, utils, stats, digest, tools,
Rcpp",Rcpp,"grid, lattice, ggplot2 (>= 0.9.2), sylly, sylly.en, logger,
survival, microbenchmark, zoo, nlme, descr, MASS, knitr,
rmarkdown, tables, reshape, memisc, Epi, randomForest, tseries,
gtable, rms, forecast, data.table",NA,AGPL-3 | file LICENSE,NA,NA,NA,NA,yes,4.2.2
parallelly,/home/mburu/R/x86_64-pc-linux-gnu-library/4.2,1.34.0,NA,NA,"parallel, tools, utils",NA,NA,NA,LGPL (>= 2.1),NA,NA,NA,NA,no,4.2.2
patchwork,/home/mburu/R/x86_64-pc-linux-gnu-library/4.2,1.1.2,NA,NA,"ggplot2 (>= 3.0.0), gtable, grid, stats, grDevices, utils,
graphics",NA,"knitr, rmarkdown, gridGraphics, gridExtra, ragg, testthat (>=
2.1.0), vdiffr, covr, png",NA,MIT + file LICENSE,NA,NA,NA,NA,no,4.2.2
pbapply,/home/mburu/R/x86_64-pc-linux-gnu-library/4.2,1.7-0,NA,R (>= 3.2.0),parallel,NA,"shiny, future, future.apply",NA,GPL (>= 2),NA,NA,NA,NA,no,4.2.2
pbkrtest,/home/mburu/R/x86_64-pc-linux-gnu-library/4.2,0.5.2,NA,"R (>= 4.1.0), lme4 (>= 1.1.31)","broom, dplyr, MASS, Matrix (>= 1.2.3), methods, numDeriv,
parallel",NA,knitr,NA,GPL (>= 2),NA,NA,NA,NA,no,4.2.2
philentropy,/home/mburu/R/x86_64-pc-linux-gnu-library/4.2,0.7.0,NA,R (>= 3.1.2),"Rcpp, KernSmooth, poorman",Rcpp,"testthat, knitr, rmarkdown, microbenchmark",NA,GPL-2,NA,NA,NA,NA,yes,4.2.2
pillar,/home/mburu/R/x86_64-pc-linux-gnu-library/4.2,1.8.1,NA,NA,"cli (>= 2.3.0), fansi, glue, lifecycle, rlang (>= 1.0.2), utf8
(>= 1.1.0), utils, vctrs (>= 0.3.8)",NA,"bit64, debugme, DiagrammeR, dplyr, formattable, ggplot2,
knitr, lubridate, nanotime, nycflights13, palmerpenguins,
rmarkdown, scales, stringi, survival, testthat (>= 3.1.1),
tibble, units (>= 0.7.2), vdiffr, withr",NA,MIT + file LICENSE,NA,NA,NA,NA,no,4.2.2
pkgconfig,/home/mburu/R/x86_64-pc-linux-gnu-library/4.2,2.0.3,NA,NA,utils,NA,"covr, testthat, disposables (>= 1.0.3)",NA,MIT + file LICENSE,NA,NA,NA,NA,no,4.2.2
pkgload,/home/mburu/R/x86_64-pc-linux-gnu-library/4.2,1.3.2,NA,R (>= 3.4.0),"cli (>= 3.3.0), crayon, desc, fs, glue, methods, rlang (>=
1.0.3), rprojroot, utils, withr (>= 2.4.3)",NA,"bitops, covr, mathjaxr, mockr, pak, pkgbuild, Rcpp, remotes,
rstudioapi, testthat (>= 3.1.0)",NA,GPL-3,NA,NA,NA,NA,no,4.2.2
plotly,/home/mburu/R/x86_64-pc-linux-gnu-library/4.2,4.10.1,NA,"R (>= 3.2.0), ggplot2 (>= 3.0.0)","tools, scales, httr (>= 1.3.0), jsonlite (>= 1.6), magrittr,
digest, viridisLite, base64enc, htmltools (>= 0.3.6),
htmlwidgets (>= 1.5.2.9001), tidyr (>= 1.0.0), RColorBrewer,
dplyr, vctrs, tibble, lazyeval (>= 0.2.0), rlang (>= 0.4.10),
crosstalk, purrr, data.table, promises",NA,"MASS, maps, hexbin, ggthemes, GGally, ggalluvial, testthat,
knitr, devtools, shiny (>= 1.1.0), shinytest (>= 1.3.0), curl,
rmarkdown, Cairo, broom, webshot, listviewer, dendextend,
maptools, rgeos, sf, png, IRdisplay, processx, plotlyGeoAssets,
forcats, palmerpenguins, rversions, reticulate, rsvg",NA,MIT + file LICENSE,NA,NA,NA,NA,no,4.2.2
plyr,/home/mburu/R/x86_64-pc-linux-gnu-library/4.2,1.8.8,NA,R (>= 3.1.0),Rcpp (>= 0.11.0),Rcpp,"abind, covr, doParallel, foreach, iterators, itertools,
tcltk, testthat",NA,MIT + file LICENSE,NA,NA,NA,NA,yes,4.2.2
png,/home/mburu/R/x86_64-pc-linux-gnu-library/4.2,0.1-8,NA,R (>= 2.9.0),NA,NA,NA,NA,GPL-2 | GPL-3,NA,NA,NA,NA,yes,4.2.2
polyclip,/home/mburu/R/x86_64-pc-linux-gnu-library/4.2,1.10-4,NA,R (>= 3.0.0),NA,NA,NA,NA,BSL,NA,NA,NA,NA,yes,4.2.2
poorman,/home/mburu/R/x86_64-pc-linux-gnu-library/4.2,0.2.6,NA,R (>= 3.3),NA,NA,"knitr, pkgdown, markdown, rmarkdown, roxygen2, tinytest",NA,MIT + file LICENSE,NA,NA,NA,NA,no,4.2.2
praise,/home/mburu/R/x86_64-pc-linux-gnu-library/4.2,1.0.0,NA,NA,NA,NA,testthat,NA,MIT + file LICENSE,NA,NA,NA,NA,no,4.2.2
prediction,/home/mburu/R/x86_64-pc-linux-gnu-library/4.2,0.3.14,NA,R (>= 3.5.0),"utils, stats, data.table",NA,"datasets, methods, testthat","AER, aod, betareg, biglm, brglm, caret, crch, e1071, earth,
ff, ffbase, gam (>= 1.15), gee, glmnet, glmx, kernlab, lme4,
MASS, mclogit, mda, mlogit, MNP, nlme, nnet, ordinal, plm,
pscl, quantreg, rpart, sampleSelection, speedglm, survey (>=
3.31-5), survival, truncreg, VGAM",MIT + file LICENSE,NA,NA,NA,NA,no,4.2.2
prettyunits,/home/mburu/R/x86_64-pc-linux-gnu-library/4.2,1.1.1,NA,NA,NA,NA,"codetools, covr, testthat",NA,MIT + file LICENSE,NA,NA,NA,NA,no,4.2.2
prevalence,/home/mburu/R/x86_64-pc-linux-gnu-library/4.2,0.4.1,NA,R (>= 4.0.0),"methods, utils, stats, graphics, grDevices, coda, rjags",NA,NA,NA,GPL (>= 2),NA,NA,NA,NA,no,4.2.2
printr,/home/mburu/R/x86_64-pc-linux-gnu-library/4.2,0.2,NA,NA,knitr (>= 1.31),NA,"tools, rmarkdown",NA,GPL,NA,NA,NA,NA,no,4.2.2
pROC,/home/mburu/R/x86_64-pc-linux-gnu-library/4.2,1.18.0,NA,R (>= 2.14),"methods, plyr, Rcpp (>= 0.11.1)",Rcpp,"microbenchmark, tcltk, MASS, logcondens, doParallel,
testthat, vdiffr, ggplot2",NA,GPL (>= 3),NA,NA,NA,NA,yes,4.2.2
processx,/home/mburu/R/x86_64-pc-linux-gnu-library/4.2,3.8.0,NA,R (>= 3.4.0),"ps (>= 1.2.0), R6, utils",NA,"callr (>= 3.7.0), cli (>= 3.3.0), codetools, covr, curl,
debugme, parallel, rlang (>= 1.0.2), testthat (>= 3.0.0), withr",NA,MIT + file LICENSE,NA,NA,NA,NA,yes,4.2.2
prodlim,/home/mburu/R/x86_64-pc-linux-gnu-library/4.2,2019.11.13,NA,R (>= 2.9.0),"Rcpp (>= 0.11.5), stats, grDevices, graphics, survival,
KernSmooth, lava",Rcpp,NA,NA,GPL (>= 2),NA,NA,NA,NA,yes,4.2.2
profvis,/home/mburu/R/x86_64-pc-linux-gnu-library/4.2,0.3.7,NA,R (>= 3.0),"htmlwidgets (>= 0.3.2), stringr",NA,"knitr, ggplot2, rmarkdown, testthat, devtools, shiny,
htmltools",NA,GPL-3 | file LICENSE,NA,NA,NA,NA,yes,4.2.2
progress,/home/mburu/R/x86_64-pc-linux-gnu-library/4.2,1.2.2,NA,NA,"hms, prettyunits, R6, crayon",NA,"Rcpp, testthat, withr",NA,MIT + file LICENSE,NA,NA,NA,NA,no,4.2.2
progressr,/home/mburu/R/x86_64-pc-linux-gnu-library/4.2,0.13.0,NA,R (>= 3.5.0),"digest, utils",NA,"graphics, tcltk, beepr, cli, crayon, pbmcapply, progress,
purrr, foreach, plyr, doFuture, future, future.apply, furrr,
RPushbullet, rstudioapi, shiny, commonmark, base64enc, tools",NA,GPL (>= 3),NA,NA,NA,NA,no,4.2.2
promises,/home/mburu/R/x86_64-pc-linux-gnu-library/4.2,1.2.0.1,NA,NA,"R6, Rcpp, later, rlang, stats, magrittr","later, Rcpp","testthat, future (>= 1.21.0), fastmap (>= 1.1.0), purrr,
knitr, rmarkdown, vembedr, spelling",NA,MIT + file LICENSE,NA,NA,NA,NA,yes,4.2.2
proxy,/home/mburu/R/x86_64-pc-linux-gnu-library/4.2,0.4-27,NA,R (>= 3.4.0),"stats, utils",NA,cba,NA,GPL-2,NA,NA,NA,NA,yes,4.2.2
ps,/home/mburu/R/x86_64-pc-linux-gnu-library/4.2,1.7.2,NA,R (>= 3.4),utils,NA,"callr, covr, curl, pillar, pingr, processx (>= 3.1.0), R6,
rlang, testthat (>= 3.0.0),",NA,MIT + file LICENSE,NA,NA,NA,NA,yes,4.2.2
purrr,/home/mburu/R/x86_64-pc-linux-gnu-library/4.2,1.0.1,NA,R (>= 3.4.0),"cli (>= 3.4.0), lifecycle (>= 1.0.3), magrittr (>= 1.5.0),
rlang (>= 0.4.10), vctrs (>= 0.5.0)",cli,"covr, dplyr (>= 0.7.8), httr, knitr, lubridate, rmarkdown,
testthat (>= 3.0.0), tibble, tidyselect",NA,MIT + file LICENSE,NA,NA,NA,NA,yes,4.2.2
quantreg,/home/mburu/R/x86_64-pc-linux-gnu-library/4.2,5.94,NA,"R (>= 3.5), stats, SparseM","methods, graphics, Matrix, MatrixModels, survival, MASS",NA,"tripack, interp, rgl, logspline, nor1mix, Formula, zoo,
R.rsp, conquer",NA,GPL (>= 2),NA,NA,NA,NA,yes,4.2.2
quarto,/home/mburu/R/x86_64-pc-linux-gnu-library/4.2,1.2,NA,NA,"utils,rmarkdown,jsonlite,yaml,processx,rstudioapi,later,rsconnect
(>= 0.8.26)",NA,"knitr, testthat (>= 3.1.0)",NA,GPL (>= 2),NA,NA,NA,NA,no,4.2.2
R6,/home/mburu/R/x86_64-pc-linux-gnu-library/4.2,2.5.1,NA,R (>= 3.0),NA,NA,"testthat, pryr",NA,MIT + file LICENSE,NA,NA,NA,NA,no,4.2.2
ragg,/home/mburu/R/x86_64-pc-linux-gnu-library/4.2,1.2.5,NA,NA,"systemfonts (>= 1.0.3), textshaping (>= 0.3.0)","systemfonts, textshaping","covr, graphics, grid, testthat",NA,MIT + file LICENSE,NA,NA,NA,NA,yes,4.2.2
randomForest,/home/mburu/R/x86_64-pc-linux-gnu-library/4.2,4.7-1.1,NA,"R (>= 4.1.0), stats",NA,NA,"RColorBrewer, MASS",NA,GPL (>= 2),NA,NA,NA,NA,yes,4.2.2
ranger,/home/mburu/R/x86_64-pc-linux-gnu-library/4.2,0.14.1,NA,R (>= 3.1),"Rcpp (>= 0.11.2), Matrix","Rcpp, RcppEigen","survival, testthat",NA,GPL-3,NA,NA,NA,NA,yes,4.2.2
rapidjsonr,/home/mburu/R/x86_64-pc-linux-gnu-library/4.2,1.2.0,NA,NA,NA,NA,NA,NA,MIT + file LICENSE,NA,NA,NA,NA,yes,4.2.2
rappdirs,/home/mburu/R/x86_64-pc-linux-gnu-library/4.2,0.3.3,NA,R (>= 3.2),NA,NA,"roxygen2, testthat (>= 3.0.0), covr, withr",NA,MIT + file LICENSE,NA,NA,NA,NA,yes,4.2.2
raster,/home/mburu/R/x86_64-pc-linux-gnu-library/4.2,3.6-14,NA,"sp (>= 1.4-5), R (>= 3.5.0)","Rcpp, methods, terra (>= 1.6-41)",Rcpp,"ncdf4, igraph, tcltk, parallel, rasterVis, MASS, sf,
tinytest, gstat, fields, exactextractr",NA,GPL (>= 3),NA,NA,NA,NA,yes,4.2.2
RColorBrewer,/home/mburu/R/x86_64-pc-linux-gnu-library/4.2,1.1-3,NA,R (>= 2.0.0),NA,NA,NA,NA,Apache License 2.0,NA,NA,NA,NA,no,4.2.2
Rcpp,/home/mburu/R/x86_64-pc-linux-gnu-library/4.2,1.0.10,NA,NA,"methods, utils",NA,"tinytest, inline, rbenchmark, pkgKitten (>= 0.1.2)",NA,GPL (>= 2),NA,NA,NA,NA,yes,4.2.2
RcppEigen,/home/mburu/R/x86_64-pc-linux-gnu-library/4.2,0.3.3.9.3,NA,R (>= 3.6.0),"Matrix (>= 1.1-0), Rcpp (>= 0.11.0), stats, utils",Rcpp,"inline, tinytest, pkgKitten, microbenchmark",NA,GPL (>= 2) | file LICENSE,NA,NA,NA,NA,yes,4.2.2
RcppTOML,/home/mburu/R/x86_64-pc-linux-gnu-library/4.2,0.2.2,NA,R (>= 3.3.0),Rcpp (>= 0.11.5),Rcpp,tinytest,NA,GPL (>= 2),NA,NA,NA,NA,yes,4.2.2
RCurl,/home/mburu/R/x86_64-pc-linux-gnu-library/4.2,1.98-1.10,NA,"R (>= 3.4.0), methods",bitops,NA,XML,NA,BSD_3_clause + file LICENSE,NA,NA,NA,NA,yes,4.2.2
readr,/home/mburu/R/x86_64-pc-linux-gnu-library/4.2,2.1.4,NA,R (>= 3.5),"cli (>= 3.2.0), clipr, crayon, hms (>= 0.4.1), lifecycle (>=
0.2.0), methods, R6, rlang, tibble, utils, vroom (>= 1.6.0)","cpp11, tzdb (>= 0.1.1)","covr, curl, datasets, knitr, rmarkdown, spelling, stringi,
testthat (>= 3.1.2), tzdb (>= 0.1.1), waldo, withr, xml2",NA,MIT + file LICENSE,NA,NA,NA,NA,yes,4.2.2
readxl,/home/mburu/R/x86_64-pc-linux-gnu-library/4.2,1.4.2,NA,R (>= 3.5),"cellranger, tibble (>= 2.0.1), utils","cpp11 (>= 0.4.0), progress","covr, knitr, rmarkdown, testthat (>= 3.1.6), withr",NA,MIT + file LICENSE,NA,NA,NA,NA,yes,4.2.2
recipes,/home/mburu/R/x86_64-pc-linux-gnu-library/4.2,1.0.5,NA,"dplyr (>= 1.1.0), R (>= 3.4)","cli, clock (>= 0.6.1), ellipsis, generics (>= 0.1.2), glue,
gower, hardhat (>= 1.2.0), ipred (>= 0.9-12), lifecycle (>=
1.0.3), lubridate (>= 1.8.0), magrittr, Matrix, purrr (>=
0.2.3), rlang (>= 1.0.3), stats, tibble, tidyr (>= 1.0.0),
tidyselect (>= 1.2.0), timeDate, utils, vctrs (>= 0.5.0), withr",NA,"covr, ddalpha, dials (>= 1.0.0), ggplot2, igraph, kernlab,
knitr, modeldata (>= 0.1.1), parsnip (>= 0.1.7), RANN,
RcppRoll, rmarkdown, rpart, rsample, RSpectra, splines2,
testthat (>= 3.0.0), workflows, xml2",NA,MIT + file LICENSE,NA,NA,NA,NA,no,4.2.2
rematch,/home/mburu/R/x86_64-pc-linux-gnu-library/4.2,1.0.1,NA,NA,NA,NA,"covr, testthat",NA,MIT + file LICENSE,NA,NA,NA,NA,no,4.2.2
rematch2,/home/mburu/R/x86_64-pc-linux-gnu-library/4.2,2.1.2,NA,NA,tibble,NA,"covr, testthat",NA,MIT + file LICENSE,NA,NA,NA,NA,no,4.2.2
remotes,/home/mburu/R/x86_64-pc-linux-gnu-library/4.2,2.4.2,NA,R (>= 3.0.0),"methods, stats, tools, utils",NA,"brew, callr, codetools, curl, covr, git2r (>= 0.23.0), knitr,
mockery, pkgbuild (>= 1.0.1), pingr, rmarkdown, rprojroot,
testthat, webfakes, withr",NA,MIT + file LICENSE,NA,NA,NA,NA,no,4.2.2
reprex,/home/mburu/R/x86_64-pc-linux-gnu-library/4.2,2.0.2,NA,R (>= 3.4),"callr (>= 3.6.0), cli (>= 3.2.0), clipr (>= 0.4.0), fs, glue,
knitr (>= 1.23), lifecycle, rlang (>= 1.0.0), rmarkdown,
rstudioapi, utils, withr (>= 2.3.0)",NA,"covr, fortunes, miniUI, mockr, rprojroot, sessioninfo, shiny,
spelling, styler (>= 1.2.0), testthat (>= 3.0.2)",NA,MIT + file LICENSE,NA,NA,NA,NA,no,4.2.2
reshape2,/home/mburu/R/x86_64-pc-linux-gnu-library/4.2,1.4.4,NA,R (>= 3.1),"plyr (>= 1.8.1), Rcpp, stringr",Rcpp,"covr, lattice, testthat (>= 0.8.0)",NA,MIT + file LICENSE,NA,NA,NA,NA,yes,4.2.2
reticulate,/home/mburu/R/x86_64-pc-linux-gnu-library/4.2,1.28,NA,R (>= 3.0),"Matrix, Rcpp (>= 0.12.7), RcppTOML, graphics, here, jsonlite,
methods, png, rappdirs, utils, withr",Rcpp,"callr, knitr, rlang, rmarkdown, testthat",NA,Apache License 2.0,NA,NA,NA,NA,yes,4.2.2
RgoogleMaps,/home/mburu/R/x86_64-pc-linux-gnu-library/4.2,1.4.5.3,NA,R (>= 2.10),"graphics, stats, utils, grDevices, methods, png,sp",NA,"PBSmapping, maptools, loa, RColorBrewer, leaflet,jpeg, RCurl",NA,GPL,NA,NA,NA,NA,no,4.2.2
rjags,/home/mburu/R/x86_64-pc-linux-gnu-library/4.2,4-13,NA,"R (>= 2.14.0), coda (>= 0.13)",NA,NA,tcltk,NA,GPL (== 2),NA,NA,NA,NA,yes,4.2.2
rKenyaCensus,/home/mburu/R/x86_64-pc-linux-gnu-library/4.2,0.0.2,NA,R (>= 3.5.0),NA,NA,"sp, rgdal",NA,MIT + file LICENSE,NA,NA,NA,NA,no,4.2.2
rlang,/home/mburu/R/x86_64-pc-linux-gnu-library/4.2,1.0.6,NA,R (>= 3.4.0),utils,NA,"cli (>= 3.1.0), covr, crayon, fs, glue, knitr, magrittr,
methods, pillar, rmarkdown, stats, testthat (>= 3.0.0), tibble,
usethis, vctrs (>= 0.2.3), withr",winch,MIT + file LICENSE,NA,NA,NA,NA,yes,4.2.2
rmarkdown,/home/mburu/R/x86_64-pc-linux-gnu-library/4.2,2.20,NA,R (>= 3.0),"bslib (>= 0.2.5.1), evaluate (>= 0.13), htmltools (>= 0.5.1),
jquerylib, jsonlite, knitr (>= 1.22), methods, stringr (>=
1.2.0), tinytex (>= 0.31), tools, utils, xfun (>= 0.36), yaml
(>= 2.1.19)",NA,"digest, dygraphs, fs, rsconnect, downlit (>= 0.4.0), katex
(>= 1.4.0), sass (>= 0.4.0), shiny (>= 1.6.0), testthat (>=
3.0.3), tibble, vctrs, withr (>= 2.4.2)",NA,GPL-3,NA,NA,NA,NA,no,4.2.2
rngtools,/home/mburu/R/x86_64-pc-linux-gnu-library/4.2,1.5.2,NA,"R (>= 3.2.0), methods","digest, utils, stats, parallel",NA,"covr, RUnit, testthat",NA,GPL-3,NA,NA,NA,NA,no,4.2.2
robustbase,/home/mburu/R/x86_64-pc-linux-gnu-library/4.2,0.95-0,NA,R (>= 3.5.0),"stats, graphics, utils, methods, DEoptimR",NA,"grid, MASS, lattice, boot, cluster, Matrix, robust,
fit.models, MPV, xtable, ggplot2, GGally, RColorBrewer,
reshape2, sfsmisc, catdata, doParallel, foreach, skewt","robustX, rrcov, matrixStats, quantreg, Hmisc",GPL (>= 2),NA,NA,NA,NA,yes,4.2.2
ROCR,/home/mburu/R/x86_64-pc-linux-gnu-library/4.2,1.0-11,NA,R (>= 3.6),"methods, graphics, grDevices, gplots, stats",NA,"testthat, knitr, rmarkdown",NA,GPL (>= 2),NA,NA,NA,NA,no,4.2.2
rpart.plot,/home/mburu/R/x86_64-pc-linux-gnu-library/4.2,3.1.1,NA,"R (>= 3.4.0), rpart (>= 4.1-15)",NA,NA,earth (>= 5.1.2),NA,GPL-3,NA,NA,NA,NA,no,4.2.2
rprojroot,/home/mburu/R/x86_64-pc-linux-gnu-library/4.2,2.0.3,NA,R (>= 3.0.0),NA,NA,"covr, knitr, lifecycle, mockr, rmarkdown, testthat (>=
3.0.0), withr",NA,MIT + file LICENSE,NA,NA,NA,NA,no,4.2.2
rsconnect,/home/mburu/R/x86_64-pc-linux-gnu-library/4.2,0.8.29,NA,R (>= 3.0.0),"curl, digest, jsonlite, openssl (>= 2.0.0), packrat (>= 0.6),
rstudioapi (>= 0.5), tools, yaml (>= 2.1.5)",NA,"MASS, RCurl, callr, httpuv, knitr, plumber (>= 0.3.2),
reticulate, rmarkdown (>= 1.1), shiny, sourcetools, testthat,
xtable",NA,GPL-2,NA,NA,NA,NA,no,4.2.2
rstudioapi,/home/mburu/R/x86_64-pc-linux-gnu-library/4.2,0.14,NA,NA,NA,NA,"testthat, knitr, rmarkdown, clipr, covr",NA,MIT + file LICENSE,NA,NA,NA,NA,no,4.2.2
Rtsne,/home/mburu/R/x86_64-pc-linux-gnu-library/4.2,0.16,NA,NA,"Rcpp (>= 0.11.0), stats",Rcpp,"irlba, testthat",NA,file LICENSE,yes,NA,NA,NA,yes,4.2.2
rvest,/home/mburu/R/x86_64-pc-linux-gnu-library/4.2,1.0.3,NA,R (>= 3.2),"glue, cli, httr (>= 0.5), lifecycle (>= 1.0.0), magrittr,
rlang (>= 1.0.0), selectr, tibble, xml2 (>= 1.3), withr",NA,"covr, knitr, readr, repurrrsive, rmarkdown, spelling, stringi
(>= 0.3.1), testthat (>= 3.0.2), webfakes",NA,MIT + file LICENSE,NA,NA,NA,NA,no,4.2.2
s2,/home/mburu/R/x86_64-pc-linux-gnu-library/4.2,1.1.2,NA,R (>= 3.0.0),"Rcpp, wk (>= 0.6.0)","Rcpp, wk","testthat (>= 3.0.0), vctrs",NA,Apache License (== 2.0),NA,NA,NA,NA,yes,4.2.2
sass,/home/mburu/R/x86_64-pc-linux-gnu-library/4.2,0.4.5,NA,NA,"fs, rlang (>= 0.4.10), htmltools (>= 0.5.1), R6, rappdirs",NA,"testthat, knitr, rmarkdown, withr, shiny, curl",NA,MIT + file LICENSE,NA,NA,NA,NA,yes,4.2.2
scales,/home/mburu/R/x86_64-pc-linux-gnu-library/4.2,1.2.1,NA,R (>= 3.2),"farver (>= 2.0.3), labeling, lifecycle, munsell (>= 0.5), R6,
RColorBrewer, rlang (>= 1.0.0), viridisLite",NA,"bit64, covr, dichromat, ggplot2, hms (>= 0.5.0), stringi,
testthat (>= 3.0.0), waldo (>= 0.4.0)",NA,MIT + file LICENSE,NA,NA,NA,NA,no,4.2.2
selectr,/home/mburu/R/x86_64-pc-linux-gnu-library/4.2,0.4-2,NA,R (>= 3.0),"methods, stringr, R6",NA,"testthat, XML, xml2",NA,BSD_3_clause + file LICENCE,NA,NA,NA,NA,no,4.2.2
sf,/home/mburu/R/x86_64-pc-linux-gnu-library/4.2,1.0-9,NA,"methods, R (>= 3.3.0)","classInt (>= 0.4-1), DBI (>= 0.8), graphics, grDevices, grid,
magrittr, Rcpp (>= 0.12.18), s2 (>= 1.1.0), stats, tools, units
(>= 0.7-0), utils",Rcpp,"blob, covr, dplyr (>= 0.8-3), ggplot2, knitr, lwgeom (>=
0.2-1), maps, mapview, Matrix, microbenchmark, odbc, pbapply,
pillar, pool, raster, rlang, rmarkdown, RPostgres (>= 1.1.0),
RPostgreSQL, RSQLite, sp (>= 1.2-4), spatstat (>= 2.0-1),
spatstat.geom, spatstat.random, spatstat.linnet,
spatstat.utils, stars (>= 0.2-0), terra, testthat, tibble (>=
1.4.1), tidyr (>= 1.2.0), tidyselect (>= 1.0.0), tmap (>= 2.0),
vctrs, wk",NA,GPL-2 | MIT + file LICENSE,NA,NA,NA,NA,yes,4.2.2
sfheaders,/home/mburu/R/x86_64-pc-linux-gnu-library/4.2,0.4.0,NA,NA,"geometries (>= 0.2.0), Rcpp","geometries, Rcpp","covr, knitr, testthat",NA,MIT + file LICENSE,NA,NA,NA,NA,yes,4.2.2
shape,/home/mburu/R/x86_64-pc-linux-gnu-library/4.2,1.4.6,NA,R (>= 2.01),"stats, graphics, grDevices",NA,NA,NA,GPL (>= 3),NA,NA,NA,NA,no,4.2.2
shapper,/home/mburu/R/x86_64-pc-linux-gnu-library/4.2,0.1.3,NA,NA,"reticulate, DALEX, ggplot2",NA,"covr, knitr, randomForest, rpart, testthat, markdown, qpdf",NA,GPL,NA,NA,NA,NA,no,4.2.2
shiny,/home/mburu/R/x86_64-pc-linux-gnu-library/4.2,1.7.4,NA,"R (>= 3.0.2), methods","utils, grDevices, httpuv (>= 1.5.2), mime (>= 0.3), jsonlite
(>= 0.9.16), xtable, fontawesome (>= 0.4.0), htmltools (>=
0.5.4), R6 (>= 2.0), sourcetools, later (>= 1.0.0), promises
(>= 1.1.0), tools, crayon, rlang (>= 0.4.10), fastmap (>=
1.1.0), withr, commonmark (>= 1.7), glue (>= 1.3.2), bslib (>=
0.3.0), cachem, ellipsis, lifecycle (>= 0.2.0)",NA,"datasets, Cairo (>= 1.5-5), testthat (>= 3.0.0), knitr (>=
1.6), markdown, rmarkdown, ggplot2, reactlog (>= 1.0.0),
magrittr, yaml, future, dygraphs, ragg, showtext, sass",NA,GPL-3 | file LICENSE,NA,NA,NA,NA,no,4.2.2
simputation,/home/mburu/R/x86_64-pc-linux-gnu-library/4.2,0.2.8,NA,R (>= 4.0.0),"stats, utils, MASS, rpart, gower, VIM, randomForest, glmnet,
missForest, norm",NA,"tinytest, knitr, rmarkdown, dplyr",NA,GPL-3,NA,NA,NA,NA,yes,4.2.2
snakecase,/home/mburu/R/x86_64-pc-linux-gnu-library/4.2,0.11.0,NA,R (>= 3.2),"stringr, stringi",NA,"testthat, covr, tibble, purrrlyr, knitr, rmarkdown, magrittr",NA,GPL-3,NA,NA,NA,NA,no,4.2.2
sourcetools,/home/mburu/R/x86_64-pc-linux-gnu-library/4.2,0.1.7-1,NA,R (>= 3.0.2),NA,NA,testthat,NA,MIT + file LICENSE,NA,NA,NA,NA,yes,4.2.2
sp,/home/mburu/R/x86_64-pc-linux-gnu-library/4.2,1.6-0,NA,"R (>= 3.0.0), methods","utils, stats, graphics, grDevices, lattice, grid",NA,"RColorBrewer, rgdal (>= 1.2-3), rgeos (>= 0.3-13), gstat,
maptools, deldir, knitr, rmarkdown, sf",NA,GPL (>= 2),NA,NA,NA,NA,yes,4.2.2
SparseM,/home/mburu/R/x86_64-pc-linux-gnu-library/4.2,1.81,NA,"R (>= 2.15), methods","graphics, stats, utils",NA,NA,NA,GPL (>= 2),NA,NA,NA,NA,yes,4.2.2
SQUAREM,/home/mburu/R/x86_64-pc-linux-gnu-library/4.2,2021.1,NA,R (>= 3.0),NA,NA,setRNG,NA,GPL (>= 2),NA,NA,NA,NA,no,4.2.2
stars,/home/mburu/R/x86_64-pc-linux-gnu-library/4.2,0.6-0,NA,"R (>= 3.3.0), abind, sf (>= 1.0-9)","methods, parallel, classInt (>= 0.4-1), lwgeom, rlang, units",NA,"Cairo, PCICt, RNetCDF (>= 1.8-2), clue, covr, cubelyr,
digest, dplyr (>= 0.7-0), exactextractr, FNN, future.apply,
ggforce, ggplot2, ggthemes, gstat, httr, jsonlite, knitr, maps,
mapdata, ncdfgeom, ncmeta (>= 0.0.3), pbapply, plm,
randomForest, raster, rgdal, rmarkdown, sp, spacetime, spatstat
(>= 2.0-1), spatstat.geom, starsdata, terra (>= 1.4-22),
testthat, tidyr, viridis, xts, zoo",NA,Apache License,NA,NA,NA,NA,no,4.2.2
stringi,/home/mburu/R/x86_64-pc-linux-gnu-library/4.2,1.7.12,NA,R (>= 3.1),"tools, utils, stats",NA,NA,NA,file LICENSE,yes,NA,NA,NA,yes,4.2.2
stringr,/home/mburu/R/x86_64-pc-linux-gnu-library/4.2,1.5.0,NA,R (>= 3.3),"cli, glue (>= 1.6.1), lifecycle (>= 1.0.3), magrittr, rlang
(>= 1.0.0), stringi (>= 1.5.3), vctrs",NA,"covr, htmltools, htmlwidgets, knitr, rmarkdown, testthat (>=
3.0.0)",NA,MIT + file LICENSE,NA,NA,NA,NA,no,4.2.2
svglite,/home/mburu/R/x86_64-pc-linux-gnu-library/4.2,2.1.1,NA,R (>= 3.0.0),systemfonts (>= 1.0.0),"cpp11, systemfonts","covr, fontquiver (>= 0.2.0), htmltools, knitr, rmarkdown,
testthat, xml2 (>= 1.0.0)",NA,GPL (>= 2),NA,NA,NA,NA,yes,4.2.2
sys,/home/mburu/R/x86_64-pc-linux-gnu-library/4.2,3.4.1,NA,NA,NA,NA,"unix (>= 1.4), spelling, testthat",NA,MIT + file LICENSE,NA,NA,NA,NA,yes,4.2.2
systemfonts,/home/mburu/R/x86_64-pc-linux-gnu-library/4.2,1.0.4,NA,R (>= 3.2.0),NA,cpp11 (>= 0.2.1),"testthat (>= 2.1.0), covr, knitr, rmarkdown, tools",NA,MIT + file LICENSE,NA,NA,NA,NA,yes,4.2.2
terra,/home/mburu/R/x86_64-pc-linux-gnu-library/4.2,1.7-3,NA,R (>= 3.5.0),"methods, Rcpp",Rcpp,"parallel, tinytest, ncdf4, sf (>= 0.9-8), deldir, XML,
leaflet",NA,GPL (>= 3),NA,NA,NA,NA,yes,4.2.2
testthat,/home/mburu/R/x86_64-pc-linux-gnu-library/4.2,3.1.6,NA,R (>= 3.1),"brio, callr (>= 3.5.1), cli (>= 3.4.0), desc, digest, ellipsis
(>= 0.2.0), evaluate, jsonlite, lifecycle, magrittr, methods,
pkgload, praise, processx, ps (>= 1.3.4), R6 (>= 2.2.0), rlang
(>= 1.0.1), utils, waldo (>= 0.4.0), withr (>= 2.4.3)",NA,"covr, curl (>= 0.9.5), diffviewer (>= 0.1.0), knitr, mockery,
rmarkdown, rstudioapi, shiny, usethis, vctrs (>= 0.1.0), xml2",NA,MIT + file LICENSE,NA,NA,NA,NA,yes,4.2.2
textshaping,/home/mburu/R/x86_64-pc-linux-gnu-library/4.2,0.3.6,NA,R (>= 3.2.0),systemfonts (>= 1.0.0),"cpp11 (>= 0.2.1), systemfonts (>= 1.0.0)","covr, knitr, rmarkdown",NA,MIT + file LICENSE,NA,NA,NA,NA,yes,4.2.2
threejs,/home/mburu/R/x86_64-pc-linux-gnu-library/4.2,0.3.3,NA,"R (>= 3.0.0), igraph (>= 1.0.0)","htmlwidgets (>= 0.3.2), base64enc, crosstalk, methods, stats",NA,maps,"knitr, shiny",MIT + file LICENSE,NA,NA,NA,NA,no,4.2.2
tibble,/home/mburu/R/x86_64-pc-linux-gnu-library/4.2,3.1.8,NA,R (>= 3.1.0),"fansi (>= 0.4.0), lifecycle (>= 1.0.0), magrittr, methods,
pillar (>= 1.7.0), pkgconfig, rlang (>= 1.0.2), utils, vctrs
(>= 0.3.8)",NA,"bench, bit64, blob, brio, callr, cli, covr, crayon (>=
1.3.4), DiagrammeR, dplyr, evaluate, formattable, ggplot2, hms,
htmltools, knitr, lubridate, mockr, nycflights13, pkgbuild,
pkgload, purrr, rmarkdown, stringi, testthat (>= 3.0.2), tidyr,
withr",NA,MIT + file LICENSE,NA,NA,NA,NA,yes,4.2.2
tictoc,/home/mburu/R/x86_64-pc-linux-gnu-library/4.2,1.1,NA,"R (>= 2.15), methods",NA,NA,testthat (>= 3.0.0),NA,Apache License (== 2.0) | file LICENSE,NA,NA,NA,NA,no,4.2.2
tidyr,/home/mburu/R/x86_64-pc-linux-gnu-library/4.2,1.3.0,NA,R (>= 3.4.0),"cli (>= 3.4.1), dplyr (>= 1.0.10), glue, lifecycle (>= 1.0.3),
magrittr, purrr (>= 1.0.1), rlang (>= 1.0.4), stringr (>=
1.5.0), tibble (>= 2.1.1), tidyselect (>= 1.2.0), utils, vctrs
(>= 0.5.2)",cpp11 (>= 0.4.0),"covr, data.table, knitr, readr, repurrrsive (>= 1.1.0),
rmarkdown, testthat (>= 3.0.0)",NA,MIT + file LICENSE,NA,NA,NA,NA,yes,4.2.2
tidyselect,/home/mburu/R/x86_64-pc-linux-gnu-library/4.2,1.2.0,NA,R (>= 3.4),"cli (>= 3.3.0), glue (>= 1.3.0), lifecycle (>= 1.0.3), rlang
(>= 1.0.4), vctrs (>= 0.4.1), withr",NA,"covr, crayon, dplyr, knitr, magrittr, rmarkdown, stringr,
testthat (>= 3.1.1), tibble (>= 2.1.3)",NA,MIT + file LICENSE,NA,NA,NA,NA,no,4.2.2
tidyverse,/home/mburu/R/x86_64-pc-linux-gnu-library/4.2,2.0.0,NA,R (>= 3.3),"broom (>= 1.0.3), conflicted (>= 1.2.0), cli (>= 3.6.0),
dbplyr (>= 2.3.0), dplyr (>= 1.1.0), dtplyr (>= 1.2.2), forcats
(>= 1.0.0), ggplot2 (>= 3.4.1), googledrive (>= 2.0.0),
googlesheets4 (>= 1.0.1), haven (>= 2.5.1), hms (>= 1.1.2),
httr (>= 1.4.4), jsonlite (>= 1.8.4), lubridate (>= 1.9.2),
magrittr (>= 2.0.3), modelr (>= 0.1.10), pillar (>= 1.8.1),
purrr (>= 1.0.1), ragg (>= 1.2.5), readr (>= 2.1.4), readxl (>=
1.4.2), reprex (>= 2.0.2), rlang (>= 1.0.6), rstudioapi (>=
0.14), rvest (>= 1.0.3), stringr (>= 1.5.0), tibble (>= 3.1.8),
tidyr (>= 1.3.0), xml2 (>= 1.3.3)",NA,"covr (>= 3.6.1), feather (>= 0.3.5), glue (>= 1.6.2), mockr
(>= 0.2.0), knitr (>= 1.41), rmarkdown (>= 2.20), testthat (>=
3.1.6)",NA,MIT + file LICENSE,NA,NA,NA,NA,no,4.2.2
timechange,/home/mburu/R/x86_64-pc-linux-gnu-library/4.2,0.2.0,NA,R (>= 3.3),NA,cpp11 (>= 0.2.7),"testthat (>= 0.7.1.99), knitr",NA,GPL-3,NA,NA,NA,NA,yes,4.2.2
timeDate,/home/mburu/R/x86_64-pc-linux-gnu-library/4.2,4022.108,NA,R (>= 3.6.0),"graphics, utils, stats, methods",NA,RUnit,NA,GPL (>= 2),NA,NA,NA,NA,no,4.2.2
tinytex,/home/mburu/R/x86_64-pc-linux-gnu-library/4.2,0.44,NA,NA,xfun (>= 0.29),NA,"testit, rstudioapi",NA,MIT + file LICENSE,NA,NA,NA,NA,no,4.2.2
tmap,/home/mburu/R/x86_64-pc-linux-gnu-library/4.2,3.3-3,NA,"R (>= 3.5.0), methods","tmaptools (>= 3.1), sf (>= 0.9-7), stars (>= 0.5-0), units (>=
0.6-1), grid, RColorBrewer, viridisLite, classInt (>= 0.4-3),
htmltools, htmlwidgets, widgetframe, leaflet (>= 2.0.2),
leafsync, leafem (>= 0.1), stats, abind, rlang, utils",NA,"rmapshaper, rmarkdown, knitr, png, cartogram, osmdata,
ggplot2, dplyr, tidyr, shiny, testthat, covr, av, gifski, s2",NA,GPL-3,NA,NA,NA,NA,no,4.2.2
tmaptools,/home/mburu/R/x86_64-pc-linux-gnu-library/4.2,3.1-1,NA,"R (>= 3.5), methods","sf (>= 0.9.2), lwgeom (>= 0.1-4), stars (>= 0.4-1), units (>=
0.6-1), grid, magrittr, RColorBrewer, viridisLite, stats,
dichromat, XML",NA,"tmap (>= 3.0), rmapshaper, osmdata, OpenStreetMap, raster,
png, shiny, shinyjs",NA,GPL-3,NA,NA,NA,NA,no,4.2.2
triebeard,/home/mburu/R/x86_64-pc-linux-gnu-library/4.2,0.3.0,NA,NA,Rcpp,Rcpp,"knitr, rmarkdown, testthat",NA,MIT + file LICENSE,NA,NA,NA,NA,yes,4.2.2
tweenr,/home/mburu/R/x86_64-pc-linux-gnu-library/4.2,2.0.2,NA,R (>= 3.2.0),"farver, magrittr, rlang, vctrs",cpp11 (>= 0.4.2),"testthat, covr",NA,MIT + file LICENSE,NA,NA,NA,NA,yes,4.2.2
tzdb,/home/mburu/R/x86_64-pc-linux-gnu-library/4.2,0.3.0,NA,R (>= 3.4.0),NA,cpp11 (>= 0.4.2),"covr, testthat (>= 3.0.0)",NA,MIT + file LICENSE,NA,NA,NA,NA,yes,4.2.2
units,/home/mburu/R/x86_64-pc-linux-gnu-library/4.2,0.8-1,NA,R (>= 3.0.2),Rcpp,Rcpp (>= 0.12.10),"NISTunits, measurements, xml2, magrittr, pillar (>= 1.3.0),
dplyr (>= 1.0.0), vctrs (>= 0.3.1), ggplot2 (> 3.2.1), testthat
(>= 3.0.0), vdiffr, knitr, rmarkdown",NA,GPL-2,NA,NA,NA,NA,yes,4.2.2
urltools,/home/mburu/R/x86_64-pc-linux-gnu-library/4.2,1.7.3,NA,R (>= 2.10),"Rcpp, methods, triebeard",Rcpp,"testthat, knitr",NA,MIT + file LICENSE,NA,NA,NA,NA,yes,4.2.2
utf8,/home/mburu/R/x86_64-pc-linux-gnu-library/4.2,1.2.3,NA,R (>= 2.10),NA,NA,"cli, covr, knitr, rlang, rmarkdown, testthat (>= 3.0.0),
withr",NA,Apache License (== 2.0) | file LICENSE,NA,NA,NA,NA,yes,4.2.2
uuid,/home/mburu/R/x86_64-pc-linux-gnu-library/4.2,1.1-0,NA,R (>= 2.9.0),NA,NA,NA,NA,MIT + file LICENSE,NA,NA,NA,NA,yes,4.2.2
vcd,/home/mburu/R/x86_64-pc-linux-gnu-library/4.2,1.4-11,NA,"R (>= 2.10), grid","stats, utils, MASS, grDevices, colorspace, lmtest",NA,"KernSmooth, mvtnorm, kernlab, HSAUR3, coin",NA,GPL-2,NA,NA,NA,NA,no,4.2.2
vctrs,/home/mburu/R/x86_64-pc-linux-gnu-library/4.2,0.5.2,NA,R (>= 3.3),"cli (>= 3.4.0), glue, lifecycle (>= 1.0.3), rlang (>= 1.0.6)",NA,"bit64, covr, crayon, dplyr (>= 0.8.5), generics, knitr,
pillar (>= 1.4.4), pkgdown (>= 2.0.1), rmarkdown, testthat (>=
3.0.0), tibble (>= 3.1.3), withr, xml2, waldo (>= 0.2.0),
zeallot",NA,MIT + file LICENSE,NA,NA,NA,NA,yes,4.2.2
VIM,/home/mburu/R/x86_64-pc-linux-gnu-library/4.2,6.2.2,NA,"R (>= 3.5.0),colorspace,grid","car, grDevices, magrittr, robustbase, stats, sp,
vcd,MASS,nnet,e1071,methods,Rcpp,utils,graphics,laeken,ranger,
data.table(>= 1.9.4)",Rcpp,"dplyr, tinytest, knitr, rmarkdown, reactable, covr, withr",NA,GPL (>= 2),NA,NA,NA,NA,yes,4.2.2
vipor,/home/mburu/R/x86_64-pc-linux-gnu-library/4.2,0.4.5,NA,R (>= 3.0.0),"stats, graphics",NA,"testthat, beeswarm, lattice, ggplot2, beanplot, vioplot,
ggbeeswarm,",NA,GPL (>= 2),NA,NA,NA,NA,no,4.2.2
viridis,/home/mburu/R/x86_64-pc-linux-gnu-library/4.2,0.6.2,NA,"R (>= 2.10), viridisLite (>= 0.4.0)","stats, ggplot2 (>= 1.0.1), gridExtra",NA,"hexbin (>= 1.27.0), scales, MASS, knitr, dichromat,
colorspace, raster, rasterVis, httr, mapproj, vdiffr, svglite
(>= 1.2.0), testthat, covr, rmarkdown, rgdal, maps",NA,MIT + file LICENSE,NA,NA,NA,NA,no,4.2.2
viridisLite,/home/mburu/R/x86_64-pc-linux-gnu-library/4.2,0.4.1,NA,R (>= 2.10),NA,NA,"hexbin (>= 1.27.0), ggplot2 (>= 1.0.1), testthat, covr",NA,MIT + file LICENSE,NA,NA,NA,NA,no,4.2.2
vroom,/home/mburu/R/x86_64-pc-linux-gnu-library/4.2,1.6.1,NA,R (>= 3.4),"bit64, cli (>= 3.2.0), crayon, glue, hms, lifecycle (>=
1.0.3), methods, rlang (>= 0.4.2), stats, tibble (>= 2.0.0),
tidyselect, tzdb (>= 0.1.1), vctrs (>= 0.2.0), withr","cpp11 (>= 0.2.0), progress (>= 1.2.1), tzdb (>= 0.1.1)","archive, bench (>= 1.1.0), covr, curl, dplyr, forcats, fs,
ggplot2, knitr, patchwork, prettyunits, purrr, rmarkdown,
rstudioapi, scales, spelling, testthat (>= 2.1.0), tidyr,
utils, waldo, xml2",NA,MIT + file LICENSE,NA,NA,NA,NA,yes,4.2.2
waldo,/home/mburu/R/x86_64-pc-linux-gnu-library/4.2,0.4.0,NA,NA,"cli, diffobj (>= 0.3.4), fansi, glue, methods, rematch2, rlang
(>= 1.0.0), tibble",NA,"covr, R6, testthat (>= 3.0.0), withr, xml2",NA,MIT + file LICENSE,NA,NA,NA,NA,no,4.2.2
webshot,/home/mburu/R/x86_64-pc-linux-gnu-library/4.2,0.5.4,NA,R (>= 3.0),"magrittr, jsonlite, callr",NA,"httpuv, knitr, rmarkdown, shiny, testthat (>= 3.0.0)",NA,GPL-2,NA,NA,NA,NA,no,4.2.2
widgetframe,/home/mburu/R/x86_64-pc-linux-gnu-library/4.2,0.3.1,NA,"R (>= 3.1.0), htmlwidgets,","htmltools, purrr, magrittr, utils, tools",NA,"knitr, rmarkdown",NA,MIT + file LICENSE,NA,NA,NA,NA,no,4.2.2
withr,/home/mburu/R/x86_64-pc-linux-gnu-library/4.2,2.5.0,NA,R (>= 3.2.0),"graphics, grDevices, stats",NA,"callr, covr, DBI, knitr, lattice, methods, rlang, rmarkdown
(>= 2.12), RSQLite, testthat (>= 3.0.0)",NA,MIT + file LICENSE,NA,NA,NA,NA,no,4.2.2
wk,/home/mburu/R/x86_64-pc-linux-gnu-library/4.2,0.7.1,NA,R (>= 2.10),NA,NA,"testthat (>= 3.0.0), vctrs (>= 0.3.0), sf, tibble, readr",NA,MIT + file LICENSE,NA,NA,NA,NA,yes,4.2.2
xfun,/home/mburu/R/x86_64-pc-linux-gnu-library/4.2,0.37,NA,NA,"stats, tools",NA,"testit, parallel, codetools, rstudioapi, tinytex (>= 0.30),
mime, markdown (>= 1.5), knitr (>= 1.42), htmltools, remotes,
pak, rhub, renv, curl, jsonlite, magick, rmarkdown",NA,MIT + file LICENSE,NA,NA,NA,NA,yes,4.2.2
xgboost,/home/mburu/R/x86_64-pc-linux-gnu-library/4.2,1.7.3.1,NA,R (>= 3.3.0),"Matrix (>= 1.1-0), methods, data.table (>= 1.9.6), jsonlite
(>= 1.0),",NA,"knitr, rmarkdown, ggplot2 (>= 1.0.1), DiagrammeR (>= 0.9.0),
Ckmeans.1d.dp (>= 3.3.1), vcd (>= 1.3), testthat, lintr, igraph
(>= 1.0.1), float, crayon, titanic",NA,Apache License (== 2.0) | file LICENSE,NA,NA,NA,NA,yes,4.2.2
XML,/home/mburu/R/x86_64-pc-linux-gnu-library/4.2,3.99-0.13,NA,"R (>= 4.0.0), methods, utils",NA,NA,"bitops, RCurl",NA,BSD_3_clause + file LICENSE,NA,NA,NA,NA,yes,4.2.2
xml2,/home/mburu/R/x86_64-pc-linux-gnu-library/4.2,1.3.3,NA,R (>= 3.1.0),methods,NA,"covr, curl, httr, knitr, magrittr, mockery, rmarkdown,
testthat (>= 2.1.0)",NA,MIT + file LICENSE,NA,NA,NA,NA,yes,4.2.2
xtable,/home/mburu/R/x86_64-pc-linux-gnu-library/4.2,1.8-4,NA,R (>= 2.10.0),"stats, utils",NA,"knitr, plm, zoo, survival",NA,GPL (>= 2),NA,NA,NA,NA,no,4.2.2
yaml,/home/mburu/R/x86_64-pc-linux-gnu-library/4.2,2.3.7,NA,NA,NA,NA,RUnit,NA,BSD_3_clause + file LICENSE,NA,NA,NA,NA,yes,4.2.2
zeallot,/home/mburu/R/x86_64-pc-linux-gnu-library/4.2,0.1.0,NA,NA,NA,NA,"testthat, knitr, rmarkdown, purrr, magrittr",NA,MIT + file LICENSE,NA,NA,NA,NA,no,4.2.2
zip,/home/mburu/R/x86_64-pc-linux-gnu-library/4.2,2.2.2,NA,NA,NA,NA,"covr, processx, R6, testthat, withr",NA,MIT + file LICENSE,NA,NA,NA,NA,yes,4.2.2
zoo,/home/mburu/R/x86_64-pc-linux-gnu-library/4.2,1.8-11,NA,"R (>= 3.1.0), stats","utils, graphics, grDevices, lattice (>= 0.20-27)",NA,"AER, coda, chron, ggplot2 (>= 3.0.0), mondate, scales,
stinepack, strucchange, timeDate, timeSeries, tis, tseries, xts",NA,GPL-2 | GPL-3,NA,NA,NA,NA,yes,4.2.2
base,/usr/lib/R/library,4.2.2,base,NA,NA,NA,methods,NA,Part of R 4.2.2,NA,NA,NA,NA,NA,4.2.2
boot,/usr/lib/R/library,1.3-28,recommended,"R (>= 3.0.0), graphics, stats",NA,NA,"MASS, survival",NA,Unlimited,NA,NA,NA,NA,no,4.2.0
class,/usr/lib/R/library,7.3-21,recommended,"R (>= 3.0.0), stats, utils",MASS,NA,NA,NA,GPL-2 | GPL-3,NA,NA,NA,NA,yes,4.2.2
cluster,/usr/lib/R/library,2.1.4,recommended,R (>= 3.5.0),"graphics, grDevices, stats, utils",NA,"MASS, Matrix",NA,GPL (>= 2),NA,NA,NA,NA,yes,4.2.1
codetools,/usr/lib/R/library,0.2-19,recommended,R (>= 2.1),NA,NA,NA,NA,GPL,NA,NA,NA,NA,no,4.2.2
compiler,/usr/lib/R/library,4.2.2,base,NA,NA,NA,NA,NA,Part of R 4.2.2,NA,NA,NA,NA,NA,4.2.2
datasets,/usr/lib/R/library,4.2.2,base,NA,NA,NA,NA,NA,Part of R 4.2.2,NA,NA,NA,NA,NA,4.2.2
foreign,/usr/lib/R/library,0.8-82,recommended,R (>= 4.0.0),"methods, utils, stats",NA,NA,NA,GPL (>= 2),NA,NA,NA,NA,yes,4.2.0
graphics,/usr/lib/R/library,4.2.2,base,NA,grDevices,NA,NA,NA,Part of R 4.2.2,NA,NA,NA,NA,yes,4.2.2
grDevices,/usr/lib/R/library,4.2.2,base,NA,NA,NA,KernSmooth,NA,Part of R 4.2.2,NA,NA,NA,NA,yes,4.2.2
grid,/usr/lib/R/library,4.2.2,base,NA,"grDevices, utils",NA,NA,NA,Part of R 4.2.2,NA,NA,NA,NA,yes,4.2.2
KernSmooth,/usr/lib/R/library,2.23-20,recommended,"R (>= 2.5.0), stats",NA,NA,"MASS, carData",NA,Unlimited,NA,NA,NA,NA,yes,4.2.0
lattice,/usr/lib/R/library,0.20-45,recommended,R (>= 3.0.0),"grid, grDevices, graphics, stats, utils",NA,"KernSmooth, MASS, latticeExtra",chron,GPL (>= 2),NA,NA,NA,NA,yes,4.2.0
MASS,/usr/lib/R/library,7.3-58.2,recommended,"R (>= 3.3.0), grDevices, graphics, stats, utils",methods,NA,"lattice, nlme, nnet, survival",NA,GPL-2 | GPL-3,NA,NA,NA,NA,yes,4.2.2
Matrix,/usr/lib/R/library,1.5-1,recommended,R (>= 3.5.0),"methods, graphics, grid, stats, utils, lattice",NA,"expm, MASS","MatrixModels, graph, SparseM, sfsmisc, igraph, maptools, sp,
spdep",GPL (>= 2) | file LICENCE,NA,NA,NA,NA,yes,4.2.1
methods,/usr/lib/R/library,4.2.2,base,NA,"utils, stats",NA,codetools,NA,Part of R 4.2.2,NA,NA,NA,NA,yes,4.2.2
mgcv,/usr/lib/R/library,1.8-41,recommended,"R (>= 3.6.0), nlme (>= 3.1-64)","methods, stats, graphics, Matrix, splines, utils",NA,"parallel, survival, MASS",NA,GPL (>= 2),NA,NA,NA,NA,yes,4.2.1
nlme,/usr/lib/R/library,3.1-162,recommended,R (>= 3.5.0),"graphics, stats, utils, lattice",NA,"Hmisc, MASS, SASmixed",NA,GPL (>= 2),NA,NA,NA,NA,yes,4.2.2
nnet,/usr/lib/R/library,7.3-18,recommended,"R (>= 3.0.0), stats, utils",NA,NA,MASS,NA,GPL-2 | GPL-3,NA,NA,NA,NA,yes,4.2.1
parallel,/usr/lib/R/library,4.2.2,base,NA,"tools, compiler",NA,methods,"snow, nws, Rmpi",Part of R 4.2.2,NA,NA,NA,NA,yes,4.2.2
rpart,/usr/lib/R/library,4.1.19,recommended,"R (>= 2.15.0), graphics, stats, grDevices",NA,NA,survival,NA,GPL-2 | GPL-3,NA,NA,NA,NA,yes,4.2.1
spatial,/usr/lib/R/library,7.3-15,recommended,"R (>= 3.0.0), graphics, stats, utils",NA,NA,MASS,NA,GPL-2 | GPL-3,NA,NA,NA,NA,yes,4.2.0
splines,/usr/lib/R/library,4.2.2,base,NA,"graphics, stats",NA,"Matrix, methods",NA,Part of R 4.2.2,NA,NA,NA,NA,yes,4.2.2
stats,/usr/lib/R/library,4.2.2,base,NA,"utils, grDevices, graphics",NA,"MASS, Matrix, SuppDists, methods, stats4",NA,Part of R 4.2.2,NA,NA,NA,NA,yes,4.2.2
stats4,/usr/lib/R/library,4.2.2,base,NA,"graphics, methods, stats",NA,NA,NA,Part of R 4.2.2,NA,NA,NA,NA,NA,4.2.2
survival,/usr/lib/R/library,3.5-3,recommended,R (>= 3.5.0),"graphics, Matrix, methods, splines, stats, utils",NA,NA,NA,LGPL (>= 2),NA,NA,NA,NA,yes,4.2.2
tcltk,/usr/lib/R/library,4.2.2,base,NA,utils,NA,NA,NA,Part of R 4.2.2,NA,NA,NA,NA,yes,4.2.2
tools,/usr/lib/R/library,4.2.2,base,NA,NA,NA,"codetools, methods, xml2, curl, commonmark, knitr, xfun, mathjaxr",NA,Part of R 4.2.2,NA,NA,NA,NA,yes,4.2.2
utils,/usr/lib/R/library,4.2.2,base,NA,NA,NA,"methods, xml2, commonmark, knitr",NA,Part of R 4.2.2,NA,NA,NA,NA,yes,4.2.2
